"","x"
"1",-0.511900007724762
"2",1.22790002822876
"3",0.271899998188019
"4",1.9838000535965
"5",0.0917000025510788
"6",0.767300009727478
"7",0.0273000001907349
"8",0.417600005865097
"9",0.686200022697449
"10",-0.0810000002384186
"11",-0.315699994564056
"12",0.333700001239777
"13",0.923099994659424
"14",-0.527700006961823
"15",1.71599996089935
"16",0.228900000452995
"17",-0.0791999995708466
"18",1.08550000190735
"19",-0.681500017642975
"20",0.985700011253357
"21",-0.0694999992847443
"22",0
"23",-0.653599977493286
"24",0.253199994564056
"25",0.920199990272522
"26",0.482800006866455
"27",1.42599999904633
"28",-0.706200003623962
"29",0.663800001144409
"30",0.456999987363815
"31",-1.46290004253387
"32",-1.12870001792908
"33",-0.704299986362457
"34",1.61860001087189
"35",-1.02699995040894
"36",-0.208399996161461
"37",-1.49759995937347
"38",0.571900010108948
"39",-1.41369998455048
"40",-0.0266999993473291
"41",1.15929996967316
"42",-1.02579998970032
"43",0.248600006103516
"44",-1.47379994392395
"45",-2.25690007209778
"46",-1.62380003929138
"47",-0.365500003099442
"48",1.18529999256134
"49",-0.847899973392487
"50",-1.1764999628067
"51",-0.180099993944168
"52",-3.05290007591248
"53",1.7833000421524
"54",0.201499998569489
"55",-1.14740002155304
"56",-0.788600027561188
"57",-3.00629997253418
"58",-0.0907000005245209
"59",-0.515500009059906
"60",-0.467200011014938
"61",2.47370004653931
"62",1.39079999923706
"63",0.0881000012159348
"64",0.488099992275238
"65",-0.517499983310699
"66",-1.93739998340607
"67",1.00300002098083
"68",1.86979997158051
"69",0.936299979686737
"70",-0.279000014066696
"71",-0.91949999332428
"72",-0.20440000295639
"73",-1.06770002841949
"74",-0.483700007200241
"75",-0.495999991893768
"76",-0.748700022697449
"77",3.57270002365112
"78",0.289600014686584
"79",0.643800020217896
"80",0.725300014019012
"81",0.455399990081787
"82",0.208000004291534
"83",0.405400007963181
"84",-0.783900022506714
"85",0.11370000243187
"86",0.754899978637695
"87",-0.122299998998642
"88",0.871500015258789
"89",-0.984499990940094
"90",-1.33749997615814
"91",0.0573000013828278
"92",1.44019997119904
"93",0.516099989414215
"94",0.130899995565414
"95",0.335900008678436
"96",0.297600001096725
"97",-0.046399999409914
"98",0.0929000005125999
"99",1.1904000043869
"100",1.46609997749329
"101",0.702600002288818
"102",0.590699970722198
"103",-1.61029994487762
"104",0.875800013542175
"105",-0.432399988174438
"106",-0.225999996066093
"107",1.88250005245209
"108",0.150800004601479
"109",0.37169998884201
"110",0.449499994516373
"111",0.832000017166138
"112",1.17910003662109
"113",-0.43189999461174
"114",0.250699996948242
"115",0.241500005125999
"116",-0.0516999997198582
"117",0.197999998927116
"118",-1.38580000400543
"119",-0.524699985980988
"120",0.393799990415573
"121",0.548699975013733
"122",1.36290001869202
"123",-0.455099999904633
"124",-0.163699999451637
"125",-1.52890002727509
"126",0.602199971675873
"127",0.650499999523163
"128",1.52699995040894
"129",0.704100012779236
"130",-0.381099998950958
"131",0.118699997663498
"132",-0.876900017261505
"133",0.758099973201752
"134",1.82469999790192
"135",-0.593400001525879
"136",0.276199996471405
"137",1.50170004367828
"138",0.492900013923645
"139",0.384400010108948
"140",-0.261500000953674
"141",-0.212999999523163
"142",-0.114900000393391
"143",-0.832799971103668
"144",0.536700010299683
"145",0.79559999704361
"146",-0.138999998569489
"147",-0.459199994802475
"148",-0.378800004720688
"149",-0.189899995923042
"150",-0.198599994182587
"151",0.668600022792816
"152",1.42949998378754
"153",0.25110000371933
"154",0.942099988460541
"155",-0.796599984169006
"156",-0.412800014019012
"157",1.58539998531342
"158",0.374500006437302
"159",-1.87070000171661
"160",-0.642300009727478
"161",0.94980001449585
"162",1.3561999797821
"163",0.44539999961853
"164",-0.684800028800964
"165",-0.256000012159348
"166",-1.06299996376038
"167",-1.17270004749298
"168",0.245399996638298
"169",1.10520005226135
"170",1.9050999879837
"171",-0.556599974632263
"172",-0.431499987840652
"173",-1.26520001888275
"174",0.614400029182434
"175",0.59469997882843
"176",0.678699970245361
"177",-0.0954999998211861
"178",0.103500001132488
"179",0.847800016403198
"180",1.66659998893738
"181",-0.365399986505508
"182",0.659799993038177
"183",0.885800004005432
"184",-0.746599972248077
"185",0.723599970340729
"186",-1.27369999885559
"187",-1.85839998722076
"188",-2.24909996986389
"189",1.54219996929169
"190",1.32229995727539
"191",0.752300024032593
"192",0.96340000629425
"193",1.83870005607605
"194",-0.5557000041008
"195",0.495000004768372
"196",-0.464399993419647
"197",-0.574000000953674
"198",1.32659995555878
"199",-0.00760000012814999
"200",1.26450002193451
"201",-1.11310005187988
"202",-0.530799984931946
"203",0.825399994850159
"204",-0.582300007343292
"205",0.060699999332428
"206",-1.82829999923706
"207",0.246700003743172
"208",-1.52880001068115
"209",0.132799997925758
"210",-0.109399996697903
"211",-1.2746000289917
"212",0.930000007152557
"213",1.22409999370575
"214",1.75909996032715
"215",-1.85989999771118
"216",0.209199994802475
"217",0.23199999332428
"218",1.36539995670319
"219",2.50530004501343
"220",1.40180003643036
"221",0.482400000095367
"222",0.436500012874603
"223",1.40569996833801
"224",-0.459199994802475
"225",0.958999991416931
"226",-0.923099994659424
"227",-0.57669997215271
"228",0.734799981117249
"229",0.601100027561188
"230",0.24940000474453
"231",-2.38369989395142
"232",-0.17509999871254
"233",-0.189999997615814
"234",-0.168400004506111
"235",-1.81140005588531
"236",-2.58480000495911
"237",-0.0996000021696091
"238",-1.71609997749329
"239",-0.704200029373169
"240",1.45759999752045
"241",0.170100003480911
"242",0.884500026702881
"243",1.73829996585846
"244",0.0826999992132187
"245",0.524900019168854
"246",1.5436999797821
"247",-0.354099988937378
"248",0.427799999713898
"249",0.506500005722046
"250",-1.13399994373322
"251",0.221900001168251
"252",0.317200005054474
"253",0.42629998922348
"254",1.18850004673004
"255",0.10869999974966
"256",-2.22560000419617
"257",-1.50670003890991
"258",0.315100014209747
"259",0.0299999993294477
"260",-0.172399997711182
"261",0.135000005364418
"262",0.560400009155273
"263",0.408899992704391
"264",-0.297199994325638
"265",-2.04500007629395
"266",-0.220500007271767
"267",-0.840900003910065
"268",-0.0230000000447035
"269",-0.299899995326996
"270",0.981000006198883
"271",-0.596700012683868
"272",-0.0768000036478043
"273",-0.531199991703033
"274",-2.05890011787415
"275",1.21389997005463
"276",0.101099997758865
"277",0.805499970912933
"278",0.745500028133392
"279",-1.02359998226166
"280",-0.023199999704957
"281",-0.776799976825714
"282",-0.594399988651276
"283",-0.39300000667572
"284",0.65149998664856
"285",0.522800028324127
"286",-1.46619999408722
"287",-0.023700000718236
"288",0.606500029563904
"289",0.0313999988138676
"290",0.883099973201752
"291",1.22189998626709
"292",0.895299971103668
"293",0.562099993228912
"294",-1.10450005531311
"295",0.229499995708466
"296",-0.713199973106384
"297",-0.061599999666214
"298",0.973299980163574
"299",-0.504599988460541
"300",-0.391699999570847
"301",2.46269989013672
"302",-0.0601000003516674
"303",1.17260003089905
"304",-0.565900027751923
"305",0.223800003528595
"306",-0.567799985408783
"307",0.463499993085861
"308",1.1936000585556
"309",-0.754599988460541
"310",1.79560005664825
"311",-0.614499986171722
"312",-1.19589996337891
"313",-0.275200009346008
"314",1.27279996871948
"315",0.418199986219406
"316",-0.183200001716614
"317",-0.610700011253357
"318",-1.15810000896454
"319",-0.0148999998345971
"320",0.298299998044968
"321",0.267699986696243
"322",-0.118900001049042
"323",-1.0161999464035
"324",-0.35359999537468
"325",1.11670005321503
"326",0.394199997186661
"327",0.555199980735779
"328",-0.904799997806549
"329",-0.067100003361702
"330",-0.14920000731945
"331",0.89190000295639
"332",0.251300007104874
"333",-0.852500021457672
"334",-0.957400023937225
"335",-0.135399997234344
"336",-0.112999998033047
"337",-1.5566999912262
"338",-0.268200010061264
"339",0.352400004863739
"340",0.678200006484985
"341",-0.00760000012814999
"342",-1.4922000169754
"343",0.775600016117096
"344",-0.1300999969244
"345",0.557600021362305
"346",0.675700008869171
"347",0.279599994421005
"348",-0.340099990367889
"349",-0.0681999996304512
"350",-0.189600005745888
"351",-0.3192999958992
"352",1.09049999713898
"353",0.750400006771088
"354",-0.239500001072884
"355",-0.646499991416931
"356",-0.135800004005432
"357",-1.3610999584198
"358",0.0688999965786934
"359",0.191100001335144
"360",0.957499980926514
"361",0.0151000004261732
"362",-0.20440000295639
"363",0.264899998903275
"364",1.07490003108978
"365",-0.194600000977516
"366",0.0899000018835068
"367",-1.09870004653931
"368",0.881500005722046
"369",-1.26810002326965
"370",0.477400004863739
"371",-0.242200002074242
"372",1.05540001392365
"373",-0.518800020217896
"374",0.112999998033047
"375",-0.188400000333786
"376",-0.506699979305267
"377",-0.51690000295639
"378",-1.10350000858307
"379",-0.874599993228912
"380",-0.992200016975403
"381",0.6807000041008
"382",0.0623999983072281
"383",0.760800004005432
"384",0.0540999993681908
"385",0.208499997854233
"386",0.00769999995827675
"387",0.446399986743927
"388",0.0843999981880188
"389",0.321700006723404
"390",-1.57239997386932
"391",-0.295700013637543
"392",-0.947300016880035
"393",0.212200000882149
"394",0.828599989414215
"395",1.11469995975494
"396",-0.5867999792099
"397",0.0154999997466803
"398",0.655900001525879
"399",0.697499990463257
"400",-0.336600005626678
"401",0.535000026226044
"402",1.12940001487732
"403",-0.0226000007241964
"404",-0.67330002784729
"405",0.597800016403198
"406",0.983500003814697
"407",-0.336800009012222
"408",0.0824000015854836
"409",-0.76690000295639
"410",-0.963199973106384
"411",-0.849500000476837
"412",0.291599988937378
"413",0.153200000524521
"414",-1.12339997291565
"415",-2.92880010604858
"416",-0.295300006866455
"417",-0.136000007390976
"418",-1.16719996929169
"419",0.460399985313416
"420",-1.04509997367859
"421",0.187099993228912
"422",0.381300002336502
"423",-1.83879995346069
"424",-0.96969997882843
"425",-1.75600004196167
"426",0.355399996042252
"427",1.458899974823
"428",1.21609997749329
"429",-0.784300029277802
"430",-0.740299999713898
"431",-0.754299998283386
"432",-1.45749998092651
"433",-0.762600004673004
"434",0.839399993419647
"435",-0.478799998760223
"436",-0.886699974536896
"437",-0.554899990558624
"438",-1.96689999103546
"439",2.41799998283386
"440",0.354299992322922
"441",0.206799998879433
"442",0.771700024604797
"443",1.92869997024536
"444",0.12559999525547
"445",-0.100500002503395
"446",1.59539997577667
"447",0.820999979972839
"448",-0.705600023269653
"449",-0.197799995541573
"450",-0.355399996042252
"451",-1.65289998054504
"452",0.763100028038025
"453",-0.43529999256134
"454",-0.176300004124641
"455",1.08669996261597
"456",-0.149800002574921
"457",-0.383700013160706
"458",-0.873099982738495
"459",-0.37169998884201
"460",0.951799988746643
"461",0.13400000333786
"462",-0.326999992132187
"463",2.34910011291504
"464",1.87740004062653
"465",0.481900006532669
"466",-0.0480999983847141
"467",-0.96670001745224
"468",-0.706700026988983
"469",0.504100024700165
"470",-0.479699999094009
"471",0.179100006818771
"472",0.219400003552437
"473",-1.24150002002716
"474",-1.18229997158051
"475",0.754000008106232
"476",-0.737299978733063
"477",0.373499989509583
"478",0.824999988079071
"479",-0.0904000028967857
"480",1.55850005149841
"481",0.436300009489059
"482",0.83490002155304
"483",1.00220000743866
"484",-0.198100000619888
"485",-1.12450003623962
"486",0.344300001859665
"487",0.907000005245209
"488",-0.851100027561188
"489",-0.296000003814697
"490",0.527400016784668
"491",0.183100000023842
"492",-0.622399985790253
"493",-1.73590004444122
"494",0.170900002121925
"495",-0.46450001001358
"496",0.570200026035309
"497",0.712199985980988
"498",-0.533699989318848
"499",-0.373699992895126
"500",-0.464899986982346
"501",0.187900006771088
"502",-0.220599994063377
"503",-0.491899996995926
"504",0.516499996185303
"505",0.204199999570847
"506",0.154899999499321
"507",-2.21600008010864
"508",-0.727299988269806
"509",-0.209999993443489
"510",0.519999980926514
"511",-2.34430003166199
"512",-0.411900013685226
"513",-1.22850000858307
"514",0.572899997234344
"515",0.681400001049042
"516",0.762199997901917
"517",-1.07210004329681
"518",-0.605400025844574
"519",0.415499985218048
"520",-0.320199996232986
"521",0.0260000005364418
"522",-0.190799996256828
"523",0.476300001144409
"524",2.71050000190735
"525",1.23689997196198
"526",-2.20009994506836
"527",0.195099994540215
"528",-1.30499994754791
"529",-0.0515000000596046
"530",0.7189000248909
"531",-2.26839995384216
"532",-0.832199990749359
"533",0.858399987220764
"534",-0.200800001621246
"535",-0.043699998408556
"536",-0.280200004577637
"537",-0.32490000128746
"538",0.11429999768734
"539",-0.528500020503998
"540",-1.45009994506836
"541",-0.0716999992728233
"542",1.74240005016327
"543",-0.229399994015694
"544",-0.0883999988436699
"545",0.176699995994568
"546",-0.557500004768372
"547",-1.57430005073547
"548",-0.941999971866608
"549",-0.492700010538101
"550",-1.84609997272491
"551",1.37860000133514
"552",0.531499981880188
"553",-0.0456999987363815
"554",-0.688199996948242
"555",0.770399987697601
"556",-0.155399993062019
"557",-0.183200001716614
"558",1.11220002174377
"559",0.280699998140335
"560",1.93400001525879
"561",0.689300000667572
"562",-0.512099981307983
"563",0.212200000882149
"564",-1.12810003757477
"565",0.321099996566772
"566",-0.0266999993473291
"567",-0.27649998664856
"568",1.62129998207092
"569",1.16199994087219
"570",-0.339399993419647
"571",0.547599971294403
"572",0.0865999981760979
"573",0.6560999751091
"574",-0.189500004053116
"575",-0.00860000029206276
"576",-0.137999996542931
"577",0.447899997234344
"578",0.394600003957748
"579",-0.094200000166893
"580",-1.08560001850128
"581",0.242300003767014
"582",1.26230001449585
"583",1.22969996929169
"584",0.521200001239777
"585",-1.06210005283356
"586",-0.629100024700165
"587",-0.968299984931946
"588",0.266600012779236
"589",0.317299991846085
"590",0.554899990558624
"591",0.178599998354912
"592",0.854700028896332
"593",0.663399994373322
"594",-0.916599988937378
"595",0.874700009822845
"596",-0.209600001573563
"597",-0.800400018692017
"598",-0.177799999713898
"599",-1.10769999027252
"600",-0.748199999332428
"601",-0.823499977588654
"602",-0.261500000953674
"603",0.261500000953674
"604",-0.0870999991893768
"605",-0.340299993753433
"606",-1.13399994373322
"607",-0.39860001206398
"608",-0.694800019264221
"609",-0.178900003433228
"610",0.321799993515015
"611",-0.160799995064735
"612",-1.59500002861023
"613",0.0272000003606081
"614",-0.446000009775162
"615",-0.585500001907349
"616",0.567200005054474
"617",1.47609996795654
"618",-1.15729999542236
"619",-0.245800003409386
"620",-0.750400006771088
"621",-1.17340004444122
"622",-0.297800004482269
"623",-0.0746000036597252
"624",1.02090001106262
"625",1.68470001220703
"626",-0.281899988651276
"627",-0.630200028419495
"628",1.02100002765656
"629",-0.0454000011086464
"630",-0.545899987220764
"631",-0.824500024318695
"632",-0.979900002479553
"633",-0.33500000834465
"634",-0.0653000026941299
"635",0.288700014352798
"636",1.20169997215271
"637",0.677699983119965
"638",-0.109600000083447
"639",0.900499999523163
"640",0.0272000003606081
"641",0.541700005531311
"642",-0.306600004434586
"643",0.728799998760223
"644",-0.107600003480911
"645",0.0449000000953674
"646",-0.269499987363815
"647",-0.731299996376038
"648",-0.846300005912781
"649",-1.5657000541687
"650",-0.00930000003427267
"651",-0.586600005626678
"652",1.74950003623962
"653",-1.06079995632172
"654",-1.57969999313354
"655",-0.927600026130676
"656",-1.38839995861053
"657",-0.609300017356873
"658",-0.23309999704361
"659",-0.233600005507469
"660",-0.175600007176399
"661",1.38660001754761
"662",0.230800002813339
"663",4.64589977264404
"664",-0.468800008296967
"665",0.578800022602081
"666",3.47499990463257
"667",2.69729995727539
"668",-0.66540002822876
"669",1.92349994182587
"670",0.821600019931793
"671",-1.22210001945496
"672",0.46849998831749
"673",1.56009995937347
"674",-1.0599000453949
"675",1.70210003852844
"676",1.9757000207901
"677",-1.07360005378723
"678",0.681500017642975
"679",-0.188400000333786
"680",-0.823300004005432
"681",1.04439997673035
"682",0.701099991798401
"683",0.962100028991699
"684",-0.419299989938736
"685",-0.990599989891052
"686",-0.032600000500679
"687",1.916100025177
"688",-0.715200006961823
"689",-0.145300000905991
"690",-0.396600008010864
"691",0.243000000715256
"692",-0.307900011539459
"693",-1.31500005722046
"694",-0.999800026416779
"695",1.27890002727509
"696",-0.377900004386902
"697",0.386099994182587
"698",3.21869993209839
"699",2.22950005531311
"700",1.72399997711182
"701",2.57620000839233
"702",-0.022299999371171
"703",1.67439997196198
"704",-1.57770001888275
"705",-0.745899975299835
"706",2.33820009231567
"707",-0.10980000346899
"708",1.92170000076294
"709",-0.12219999730587
"710",-0.165500000119209
"711",-4.04979991912842
"712",0.866299986839294
"713",0.593100011348724
"714",-1.25709998607635
"715",0.0898000001907349
"716",1.30770003795624
"717",1.48010003566742
"718",3.83839988708496
"719",-0.716499984264374
"720",0.218299999833107
"721",-1.21730005741119
"722",1.82039999961853
"723",-1.30900001525879
"724",0.424100011587143
"725",-1.58560001850128
"726",-1.80799996852875
"727",-1.18190002441406
"728",1.83650004863739
"729",0.29679998755455
"730",-0.95880001783371
"731",-2.06469988822937
"732",-0.965799987316132
"733",0.712100028991699
"734",0.744199991226196
"735",-0.505400002002716
"736",3.18280005455017
"737",0.129800006747246
"738",0.0720999985933304
"739",-0.093699999153614
"740",2.1965000629425
"741",0.667900025844574
"742",-0.639699995517731
"743",-1.28460001945496
"744",-0.307599991559982
"745",0.271899998188019
"746",-1.84619998931885
"747",-1.57729995250702
"748",0.0443999990820885
"749",1.60570001602173
"750",-0.898599982261658
"751",1.70990002155304
"752",0.158600002527237
"753",0.638999998569489
"754",1.74530005455017
"755",-0.99669998884201
"756",0.333299994468689
"757",-0.646399974822998
"758",0.220699995756149
"759",-1.64890003204346
"760",2.15249991416931
"761",0.430599987506866
"762",2.30489993095398
"763",-0.061999998986721
"764",1.09609997272491
"765",-0.683600008487701
"766",0.622300028800964
"767",-0.663500010967255
"768",0.63620001077652
"769",0.0408999994397163
"770",-0.211500003933907
"771",-0.774900019168854
"772",0.699699997901917
"773",-1.682000041008
"774",-2.73429989814758
"775",1.26370000839233
"776",-0.148300006985664
"777",1.91040003299713
"778",0.166199997067451
"779",0.545199990272522
"780",-1.62360000610352
"781",0.188700005412102
"782",0.716499984264374
"783",1.29480004310608
"784",0.539099991321564
"785",-0.840699970722198
"786",-0.481599986553192
"787",1.70940005779266
"788",0.0881000012159348
"789",0.870000004768372
"790",-0.417199999094009
"791",-0.58840000629425
"792",0.00680000009015203
"793",0.379099994897842
"794",-1.71739995479584
"795",0.896399974822998
"796",1.89619994163513
"797",0.0935000032186508
"798",-1.12829995155334
"799",1.88670003414154
"800",0.936699986457825
"801",0.771799981594086
"802",0.123700000345707
"803",0
"804",-1.58070003986359
"805",1.05879998207092
"806",-0.702400028705597
"807",-0.369599997997284
"808",-0.271499991416931
"809",0.350800007581711
"810",-1.03600001335144
"811",-0.140300005674362
"812",0.207000002264977
"813",0.856899976730347
"814",-0.351200014352798
"815",1.41700005531311
"816",0.365799993276596
"817",-0.457500010728836
"818",-0.538600027561188
"819",-0.171399995684624
"820",1.18040001392365
"821",-0.280699998140335
"822",0.0392000004649162
"823",-0.741199970245361
"824",-0.561200022697449
"825",0.475600004196167
"826",0.715699970722198
"827",1.48710000514984
"828",0.437400013208389
"829",0.607800006866455
"830",0.851100027561188
"831",0.404000014066696
"832",0.62169998884201
"833",-0.646899998188019
"834",1.25230002403259
"835",-0.411500006914139
"836",0.230900004506111
"837",-1.00870001316071
"838",1.87139999866486
"839",-0.228900000452995
"840",0.930999994277954
"841",0.898100018501282
"842",-1.41489994525909
"843",0.141800001263618
"844",0.595700025558472
"845",0.592199981212616
"846",1.10179996490479
"847",-0.174700006842613
"848",0.0843999981880188
"849",-0.598399996757507
"850",-0.431300014257431
"851",0.395000010728836
"852",-0.913800001144409
"853",0.189500004053116
"854",-0.26910001039505
"855",-0.78710001707077
"856",0.0926000028848648
"857",0.792500019073486
"858",1.28279995918274
"859",0.403899997472763
"860",-0.440200001001358
"861",-0.618300020694733
"862",-1.26670002937317
"863",0.0984999984502792
"864",0.875899970531464
"865",0.26800000667572
"866",0.249099999666214
"867",-1.25759994983673
"868",-0.870000004768372
"869",0.290899991989136
"870",0.523899972438812
"871",1.31900000572205
"872",0.417699992656708
"873",0.955999970436096
"874",1.20150005817413
"875",-0.0059000002220273
"876",-0.0650999993085861
"877",0.889400005340576
"878",0.269400000572205
"879",-0.245900005102158
"880",-0.0996999964118004
"881",-1.14499998092651
"882",-1.66400003433228
"883",0.57779997587204
"884",0.87830001115799
"885",0.474799990653992
"886",-1.37699997425079
"887",1.1220999956131
"888",-0.547599971294403
"889",-0.286900013685226
"890",0.614600002765656
"891",-1.54659998416901
"892",-0.0423000007867813
"893",0.331900000572205
"894",-1.04149997234344
"895",-0.20720000565052
"896",0.535300016403198
"897",2.66989994049072
"898",-0.136000007390976
"899",-0.100599996745586
"900",0.378199994564056
"901",0.482499986886978
"902",-1.63349997997284
"903",-1.5333000421524
"904",-1.51409995555878
"905",-0.32039999961853
"906",-0.0185000002384186
"907",0.878799974918365
"908",-1.29939997196198
"909",0.253800004720688
"910",-1.59539997577667
"911",0.595000028610229
"912",0.876699984073639
"913",0.00620000017806888
"914",0.376899987459183
"915",0.951300024986267
"916",-0.183400005102158
"917",1.14390003681183
"918",-1.05830001831055
"919",0.262600004673004
"920",0.219300001859665
"921",-0.95990002155304
"922",-0.938199996948242
"923",-0.254599988460541
"924",0.805000007152557
"925",0.0678000003099442
"926",0.203199997544289
"927",0.893999993801117
"928",0.115800000727177
"929",0.467799991369247
"930",1.7364000082016
"931",0.0417000018060207
"932",-0.113200001418591
"933",-0.50789999961853
"934",-0.866400003433228
"935",-0.411799997091293
"936",0.339199990034103
"937",-0.594399988651276
"938",1.12520003318787
"939",0.82669997215271
"940",0.967700004577637
"941",-0.497500002384186
"942",0.798399984836578
"943",-0.147400006651878
"944",0.329800009727478
"945",-0.968999981880188
"946",-0.249699994921684
"947",-0.465299993753433
"948",-0.696099996566772
"949",-0.162699997425079
"950",0.283100008964539
"951",0.880200028419495
"952",1.5029000043869
"953",0.304899990558624
"954",1.07729995250702
"955",-1.34700000286102
"956",-0.417699992656708
"957",0.147300004959106
"958",-0.0118000004440546
"959",0.33500000834465
"960",-1.5492000579834
"961",-0.645699977874756
"962",0.149800002574921
"963",-0.618799984455109
"964",0.024100000038743
"965",0.288800001144409
"966",-0.656899988651276
"967",-0.32710000872612
"968",-0.895799994468689
"969",0.110100001096725
"970",0.0549999997019768
"971",0.730599999427795
"972",-0.846800029277802
"973",-0.619799971580505
"974",-0.326799988746643
"975",-0.0926999971270561
"976",1.35699999332428
"977",0.26800000667572
"978",1.13699996471405
"979",0.174199998378754
"980",-0.735099971294403
"981",0.434500008821487
"982",0.0300999991595745
"983",-0.628000020980835
"984",0.579800009727478
"985",0.474599987268448
"986",0.0719000026583672
"987",0.131699994206429
"988",-0.383599996566772
"989",0.8192999958992
"990",-0.903400003910065
"991",0.0540999993681908
"992",-0.572200000286102
"993",0.138799995183945
"994",-0.181099995970726
"995",0.265599995851517
"996",-0.428900003433228
"997",-0.066600002348423
"998",0.320499986410141
"999",-0.417499989271164
"1000",-0.974799990653992
"1001",-1.02149999141693
"1002",0.444400012493134
"1003",-0.0430999994277954
"1004",-0.197300001978874
"1005",0.958400011062622
"1006",-0.177499994635582
"1007",-0.0306000001728535
"1008",0.939100027084351
"1009",0.35139998793602
"1010",-0.290699988603592
"1011",0.0425000004470348
"1012",-0.541100025177002
"1013",1.65649998188019
"1014",1.20980000495911
"1015",0.277999997138977
"1016",-0.224700003862381
"1017",-0.564100027084351
"1018",-0.0952999964356422
"1019",-0.0238000005483627
"1020",-0.436100006103516
"1021",0.0957999974489212
"1022",0.388000011444092
"1023",-0.166999995708466
"1024",-0.304899990558624
"1025",-0.498100012540817
"1026",-0.809499979019165
"1027",0.646899998188019
"1028",-0.66509997844696
"1029",-0.364699989557266
"1030",-0.182799994945526
"1031",-0.654799997806549
"1032",0.331000000238419
"1033",-0.410899996757507
"1034",0.380299985408783
"1035",-1.51110005378723
"1036",-1.77439999580383
"1037",0.416599988937378
"1038",-1.83739995956421
"1039",-0.276300013065338
"1040",0.564599990844727
"1041",-0.867500007152557
"1042",1.06560003757477
"1043",-0.230100005865097
"1044",-0.0768000036478043
"1045",-0.250099986791611
"1046",-0.70880001783371
"1047",-0.213599994778633
"1048",-0.0130000002682209
"1049",2.06550002098083
"1050",1.12999999523163
"1051",-1.56910002231598
"1052",0.152899995446205
"1053",0.716899991035461
"1054",0.66159999370575
"1055",-0.851400017738342
"1056",-1.04410004615784
"1057",-1.0809999704361
"1058",0.400299996137619
"1059",-0.542699992656708
"1060",1.28100001811981
"1061",0.28099998831749
"1062",-0.0063999998383224
"1063",0.407400012016296
"1064",1.17470002174377
"1065",-0.939899981021881
"1066",0.682200014591217
"1067",-0.126000002026558
"1068",-1.24940001964569
"1069",0.108400002121925
"1070",-0.121200002729893
"1071",0.401300013065338
"1072",1.62689995765686
"1073",-0.225400000810623
"1074",-0.21340000629425
"1075",-0.756699979305267
"1076",-0.202800005674362
"1077",-0.0760999992489815
"1078",-1.59959995746613
"1079",0.283399999141693
"1080",-0.0193000007420778
"1081",0.269800007343292
"1082",-0.559700012207031
"1083",1.74600005149841
"1084",-0.266600012779236
"1085",0.639999985694885
"1086",0.409700006246567
"1087",-0.675400018692017
"1088",0.0759999975562096
"1089",-0.774999976158142
"1090",0.806699991226196
"1091",0.366299986839294
"1092",1.03470003604889
"1093",-0.256099998950958
"1094",0.100000001490116
"1095",1.0132999420166
"1096",0.136000007390976
"1097",-0.433299988508224
"1098",-1.30499994754791
"1099",0.225999996066093
"1100",0.656300008296967
"1101",-0.255699992179871
"1102",-0.0687000006437302
"1103",-0.948199987411499
"1104",-0.626600027084351
"1105",0.31700000166893
"1106",-0.00630000000819564
"1107",-0.902899980545044
"1108",-0.505800008773804
"1109",-0.67629998922348
"1110",-0.550899982452393
"1111",-0.475499987602234
"1112",-1.26160001754761
"1113",0.257600009441376
"1114",-0.881099998950958
"1115",0.0399000011384487
"1116",0.13289999961853
"1117",1.77100002765656
"1118",0.715300023555756
"1119",-0.448100000619888
"1120",0.881200015544891
"1121",-0.0581000000238419
"1122",0.161200001835823
"1123",-1.36909997463226
"1124",-0.569999992847443
"1125",-0.0394000001251698
"1126",-1.15030002593994
"1127",-0.908399999141693
"1128",1.79550004005432
"1129",0.578299999237061
"1130",1.45070004463196
"1131",-0.21340000629425
"1132",-0.025900000706315
"1133",-0.324200004339218
"1134",-0.821699976921082
"1135",-0.703100025653839
"1136",0.7882000207901
"1137",0.222200006246567
"1138",0.0131000000983477
"1139",0.325800001621246
"1140",-0.613499999046326
"1141",-0.340999990701675
"1142",0.732999980449677
"1143",-0.30689999461174
"1144",-1.53569996356964
"1145",-0.352600008249283
"1146",0.564999997615814
"1147",0.476099997758865
"1148",0.513199985027313
"1149",-0.64520001411438
"1150",-0.682600021362305
"1151",-0.546800017356873
"1152",-0.40200001001358
"1153",-0.761500000953674
"1154",0.680899977684021
"1155",0.836399972438812
"1156",0.736899971961975
"1157",-0.663600027561188
"1158",0.312400013208389
"1159",2.24460005760193
"1160",2.50600004196167
"1161",2.72230005264282
"1162",0.153899997472763
"1163",0.0675999969244003
"1164",-0.591799974441528
"1165",2.31609988212585
"1166",-0.0724999979138374
"1167",0.00600000005215406
"1168",-0.612399995326996
"1169",-0.990199983119965
"1170",0.594099998474121
"1171",0.225700005888939
"1172",0.486200004816055
"1173",1.73699998855591
"1174",-0.459899991750717
"1175",0.0359000004827976
"1176",0.23309999704361
"1177",-0.640799999237061
"1178",0.575100004673004
"1179",-0.179399996995926
"1180",-0.299699991941452
"1181",0.0480000004172325
"1182",-1.08580005168915
"1183",-0.358500003814697
"1184",0.824400007724762
"1185",-0.775699973106384
"1186",-0.0668999999761581
"1187",0.115599997341633
"1188",0.139799997210503
"1189",1.96029996871948
"1190",0.49889999628067
"1191",0.0533000007271767
"1192",-0.725099980831146
"1193",-0.424400001764297
"1194",0.31700000166893
"1195",-1.08060002326965
"1196",-0.235699996352196
"1197",0.20550000667572
"1198",0.397700011730194
"1199",0.408100008964539
"1200",-0.51639997959137
"1201",-0.894999980926514
"1202",-0.627600014209747
"1203",-0.70550000667572
"1204",0.295100003480911
"1205",-0.147400006651878
"1206",-0.338699996471405
"1207",-0.284099996089935
"1208",0.271800011396408
"1209",0.412400007247925
"1210",0.856400012969971
"1211",0.963800013065338
"1212",-0.598999977111816
"1213",-0.389200001955032
"1214",2.38389992713928
"1215",-0.0833000019192696
"1216",-0.357899993658066
"1217",-0.161500006914139
"1218",0.0658000037074089
"1219",-0.533699989318848
"1220",-0.615199983119965
"1221",-0.308999985456467
"1222",1.24240005016327
"1223",-0.450500011444092
"1224",0.839399993419647
"1225",-0.0417999997735023
"1226",0.690500020980835
"1227",1.07969999313354
"1228",-0.730300009250641
"1229",-0.290100008249283
"1230",-0.642300009727478
"1231",-0.143299996852875
"1232",-0.833999991416931
"1233",0.0120000001043081
"1234",-0.0603000000119209
"1235",-1.08490002155304
"1236",-0.611199975013733
"1237",0.660000026226044
"1238",0.206900000572205
"1239",1.44830000400543
"1240",-0.824100017547607
"1241",0.446000009775162
"1242",-0.766700029373169
"1243",-0.674899995326996
"1244",-0.201499998569489
"1245",-0.465700000524521
"1246",0.343300014734268
"1247",-0.786499977111816
"1248",0.406300008296967
"1249",-0.307700008153915
"1250",0.350699990987778
"1251",0.147300004959106
"1252",-0.27020001411438
"1253",-0.505500018596649
"1254",0.542400002479553
"1255",0.563899993896484
"1256",2.71329998970032
"1257",-0.566699981689453
"1258",-0.467700004577637
"1259",-0.5242999792099
"1260",0.752399981021881
"1261",-0.174099996685982
"1262",-0.433400005102158
"1263",0.307200014591217
"1264",0.587700009346008
"1265",-1.12450003623962
"1266",-0.484899997711182
"1267",-0.54229998588562
"1268",0.341500014066696
"1269",-0.152300000190735
"1270",0.72299998998642
"1271",1.87720000743866
"1272",-0.237900003790855
"1273",1.53659999370575
"1274",0.175799995660782
"1275",0.222200006246567
"1276",-0.26910001039505
"1277",0.344999998807907
"1278",2.25659990310669
"1279",0.142599999904633
"1280",1.03180003166199
"1281",-0.333299994468689
"1282",0.36149999499321
"1283",0.0282000005245209
"1284",0.998399972915649
"1285",0.11710000038147
"1286",0.133699998259544
"1287",-0.558300018310547
"1288",0.958299994468689
"1289",0.144099995493889
"1290",-0.0996999964118004
"1291",0.767400026321411
"1292",0.203299999237061
"1293",-0.926400005817413
"1294",0.0276999995112419
"1295",1.53340005874634
"1296",-0.513999998569489
"1297",-0.444999992847443
"1298",-0.148800000548363
"1299",-0.0828000009059906
"1300",-0.547900021076202
"1301",-0.461699992418289
"1302",-0.0724999979138374
"1303",1.07659995555878
"1304",-0.254200011491776
"1305",0.259700000286102
"1306",1.12510001659393
"1307",-0.640600025653839
"1308",0.093299999833107
"1309",-0.870800018310547
"1310",-0.633099973201752
"1311",-0.228699997067451
"1312",-0.173199996352196
"1313",0.48539999127388
"1314",-0.821600019931793
"1315",-0.196600005030632
"1316",-0.739300012588501
"1317",0.198100000619888
"1318",1.49259996414185
"1319",-0.256500005722046
"1320",0.150700002908707
"1321",-0.172999992966652
"1322",-0.599399983882904
"1323",0.258100003004074
"1324",0.620199978351593
"1325",0
"1326",0.621900022029877
"1327",0.337099999189377
"1328",-0.409099996089935
"1329",-0.789699971675873
"1330",-0.0447000004351139
"1331",-0.560100018978119
"1332",0.101099997758865
"1333",0.676699995994568
"1334",0.428200006484985
"1335",0.194100007414818
"1336",0.210299998521805
"1337",0.154599994421005
"1338",0.26460000872612
"1339",-0.46340000629425
"1340",0.14920000731945
"1341",-0.226600006222725
"1342",0.65090000629425
"1343",0.208700001239777
"1344",0.639900028705597
"1345",-0.683799982070923
"1346",-0.854399979114532
"1347",-0.443899989128113
"1348",-0.815199971199036
"1349",0.358200013637543
"1350",0.596000015735626
"1351",-0.0500000007450581
"1352",0.426899999380112
"1353",-0.0775000005960464
"1354",0.717199981212616
"1355",1.28890001773834
"1356",0.178900003433228
"1357",-0.401699990034103
"1358",0.36370000243187
"1359",0.605099976062775
"1360",0.943499982357025
"1361",1.21969997882843
"1362",-0.0421999990940094
"1363",-0.571099996566772
"1364",-0.510399997234344
"1365",0.36710000038147
"1366",-0.22859999537468
"1367",-0.0958999991416931
"1368",0.0373000018298626
"1369",0.954200029373169
"1370",-0.121399998664856
"1371",0.379599988460541
"1372",0.0631000027060509
"1373",0.472200006246567
"1374",-0.724900007247925
"1375",-0.089699998497963
"1376",-0.2483000010252
"1377",-0.759299993515015
"1378",-1.22269999980927
"1379",0.950500011444092
"1380",-0.305099993944168
"1381",0.433299988508224
"1382",-0.379700005054474
"1383",0.0535999983549118
"1384",1.53059995174408
"1385",-0.242899999022484
"1386",0.31139999628067
"1387",0.168500006198883
"1388",0.613699972629547
"1389",0.32370001077652
"1390",0.301899999380112
"1391",-0.218500003218651
"1392",-0.292100012302399
"1393",0.557299971580505
"1394",-0.30689999461174
"1395",-0.459600001573563
"1396",0.688499987125397
"1397",0.295899987220764
"1398",0.181199997663498
"1399",-0.295300006866455
"1400",1.0324000120163
"1401",0.476500004529953
"1402",-0.651199996471405
"1403",0.38510000705719
"1404",-0.400499999523163
"1405",-0.930499970912933
"1406",-0.504999995231628
"1407",0.250200003385544
"1408",0.176899999380112
"1409",-1.46599996089935
"1410",0.173899993300438
"1411",0.519900023937225
"1412",0.621399998664856
"1413",-0.328500002622604
"1414",-0.450100004673004
"1415",-1.42120003700256
"1416",-0.133100003004074
"1417",0.674399971961975
"1418",-0.333999991416931
"1419",-0.36710000038147
"1420",-0.175999999046326
"1421",0.0586999990046024
"1422",-0.0800999999046326
"1423",-0.621399998664856
"1424",0.150299996137619
"1425",0.907999992370605
"1426",0.57260000705719
"1427",-0.956099987030029
"1428",-0.101499997079372
"1429",0.0747999995946884
"1430",0.420899987220764
"1431",0.38730001449585
"1432",0.0529000014066696
"1433",-0.158899992704391
"1434",-0.382400006055832
"1435",-0.287800014019012
"1436",-0.0533999986946583
"1437",0.516600012779236
"1438",0.00529999984428287
"1439",-0.71969997882843
"1440",-1.00559997558594
"1441",-0.72680002450943
"1442",-0.425500005483627
"1443",-0.0164000000804663
"1444",-0.83459997177124
"1445",0.192800000309944
"1446",0.920300006866455
"1447",-0.733399987220764
"1448",1.2282999753952
"1449",-0.915700018405914
"1450",-1.07910001277924
"1451",0.348100006580353
"1452",0.00549999997019768
"1453",0.429300010204315
"1454",1.62880003452301
"1455",-0.54720002412796
"1456",0.162900000810623
"1457",-0.620299994945526
"1458",-0.739499986171722
"1459",0
"1460",0.356799989938736
"1461",0.142299994826317
"1462",0.817300021648407
"1463",1.12779998779297
"1464",-0.155699998140335
"1465",1.01590001583099
"1466",-0.170399993658066
"1467",-0.330900013446808
"1468",-0.0428000018000603
"1469",0.575999975204468
"1470",0.556800007820129
"1471",-0.3125
"1472",-0.52130001783371
"1473",0.127900004386902
"1474",0.779900014400482
"1475",0.442900002002716
"1476",-0.131600007414818
"1477",0.896799981594086
"1478",-0.146300002932549
"1479",0.583899974822998
"1480",0.202500000596046
"1481",-0.0727000012993813
"1482",0.569400012493134
"1483",1.82099997997284
"1484",0.404700011014938
"1485",-0.495999991893768
"1486",0.989499986171722
"1487",-0.478399991989136
"1488",0.30239999294281
"1489",-0.0200999993830919
"1490",0.160899996757507
"1491",1.20879995822906
"1492",0.0546000003814697
"1493",-0.582300007343292
"1494",0.159600004553795
"1495",0.927600026130676
"1496",-0.182799994945526
"1497",-0.849399983882904
"1498",0.19930000603199
"1499",1.66390001773834
"1500",-0.171499997377396
"1501",-0.4375
"1502",0.618799984455109
"1503",0.0684999972581863
"1504",0.935000002384186
"1505",0.203400000929832
"1506",1.5407999753952
"1507",0.985899984836578
"1508",-0.648299992084503
"1509",-0.399599999189377
"1510",0.100000001490116
"1511",0.437099993228912
"1512",-1.1298999786377
"1513",-0.688000023365021
"1514",0.245900005102158
"1515",0.939499974250793
"1516",0.509199976921082
"1517",0.28439998626709
"1518",-0.803099989891052
"1519",0.613600015640259
"1520",-0.109099999070168
"1521",1.48430001735687
"1522",-2.76469993591309
"1523",-0.898400008678436
"1524",-0.0728000029921532
"1525",0.36829999089241
"1526",-0.0386999994516373
"1527",0.780900001525879
"1528",0.435999989509583
"1529",-0.354400008916855
"1530",-0.432700008153915
"1531",-0.842000007629395
"1532",-1.12390005588531
"1533",0.37279999256134
"1534",1.06169998645782
"1535",0.46399998664856
"1536",1.16009998321533
"1537",0.228499993681908
"1538",-0.457599997520447
"1539",1.16359996795654
"1540",1.02409994602203
"1541",-0.54830002784729
"1542",0.0798999965190887
"1543",0.239199995994568
"1544",0.509299993515015
"1545",0.779900014400482
"1546",-0.148100003600121
"1547",0.023199999704957
"1548",0.659900009632111
"1549",1.07969999313354
"1550",1.21659994125366
"1551",-1.21659994125366
"1552",1.11319994926453
"1553",1.07420003414154
"1554",-0.124700002372265
"1555",-0.24549999833107
"1556",0.111599996685982
"1557",1.21119999885559
"1558",0.066100001335144
"1559",-0.6632000207901
"1560",-0.462399989366531
"1561",-0.0177999995648861
"1562",0.351500004529953
"1563",0.195299997925758
"1564",0.446799993515015
"1565",2.23020005226135
"1566",0.353300005197525
"1567",0.291999995708466
"1568",1.43060004711151
"1569",-0.797900021076202
"1570",0.47189998626709
"1571",-0.0763999968767166
"1572",0.398200005292892
"1573",-1.36210000514984
"1574",0.849200010299683
"1575",-0.259499996900558
"1576",1.09319996833801
"1577",0.701300024986267
"1578",-0.0293000005185604
"1579",-1.58640003204346
"1580",0.24210000038147
"1581",-1.38409996032715
"1582",-1.63940000534058
"1583",-0.0262000001966953
"1584",2.11630010604858
"1585",0.0983999967575073
"1586",1.14419996738434
"1587",-0.199000000953674
"1588",0.553600013256073
"1589",0.189500004053116
"1590",1.87109994888306
"1591",0.333799988031387
"1592",-0.267800003290176
"1593",0.968999981880188
"1594",-0.952499985694885
"1595",-0.276800006628036
"1596",0.111599996685982
"1597",0.11150000244379
"1598",0.325500011444092
"1599",-1.06289994716644
"1600",-2.09660005569458
"1601",-0.152999997138977
"1602",-0.157499998807907
"1603",1.24440002441406
"1604",-0.206300005316734
"1605",-0.490200012922287
"1606",0.443800002336502
"1607",0.303200006484985
"1608",-0.113600000739098
"1609",-0.493699997663498
"1610",0.476799994707108
"1611",-1.31789994239807
"1612",-0.714900016784668
"1613",0.188899993896484
"1614",1.24010002613068
"1615",-0.279900014400482
"1616",1.96399998664856
"1617",0.510900020599365
"1618",1.39890003204346
"1619",0.765200018882751
"1620",0.545899987220764
"1621",-0.254400014877319
"1622",-0.938300013542175
"1623",0.191599994897842
"1624",-0.641499996185303
"1625",0.698499977588654
"1626",0.00810000021010637
"1627",-2.35170006752014
"1628",-0.158500000834465
"1629",0.644900023937225
"1630",0.14920000731945
"1631",1.74049997329712
"1632",0.162599995732307
"1633",-0.725799977779388
"1634",0.261599987745285
"1635",-0.380299985408783
"1636",1.58529996871948
"1637",-1.0949000120163
"1638",0.719099998474121
"1639",0.766200006008148
"1640",-0.0763999968767166
"1641",0.345099985599518
"1642",0.495599985122681
"1643",0.477299988269806
"1644",0.261500000953674
"1645",-0.360799998044968
"1646",-3.12220001220703
"1647",-1.01310002803802
"1648",0.507799983024597
"1649",0.0781999975442886
"1650",-0.325599998235703
"1651",-1.71140003204346
"1652",-1.88660001754761
"1653",0.576099991798401
"1654",0.449999988079071
"1655",0.122800000011921
"1656",-0.0507999993860722
"1657",0.817799985408783
"1658",0.20550000667572
"1659",-0.302100002765656
"1660",0.949500024318695
"1661",-1.76810002326965
"1662",-0.620500028133392
"1663",0.86599999666214
"1664",-0.198899999260902
"1665",-0.513800024986267
"1666",0.458700001239777
"1667",0.43970000743866
"1668",-0.0802000015974045
"1669",0.0843999981880188
"1670",-0.067500002682209
"1671",1.59150004386902
"1672",1.09909999370575
"1673",0.953000009059906
"1674",0.235799998044968
"1675",0.364800006151199
"1676",0.0930000022053719
"1677",-0.352299988269806
"1678",1.31379997730255
"1679",-0.0399999991059303
"1680",0.208100005984306
"1681",-0.955799996852875
"1682",2.00950002670288
"1683",0.181799992918968
"1684",-0.181799992918968
"1685",0.0355999991297722
"1686",-1.75890004634857
"1687",0.625800013542175
"1688",1.48839998245239
"1689",-1.33259999752045
"1690",-0.934599995613098
"1691",-0.189600005745888
"1692",-0.2466000020504
"1693",-4.92799997329712
"1694",-1.93630003929138
"1695",0.549099981784821
"1696",-0.0948999971151352
"1697",-0.0173000004142523
"1698",0.271600008010864
"1699",-0.0430999994277954
"1700",1.16449999809265
"1701",0.314500004053116
"1702",0.258500009775162
"1703",-1.90129995346069
"1704",0.172399997711182
"1705",-1.00399994850159
"1706",0.611400008201599
"1707",0.980799973011017
"1708",0.136899992823601
"1709",-0.0898000001907349
"1710",0.456800013780594
"1711",-0.157700002193451
"1712",0.963699996471405
"1713",-0.351300001144409
"1714",-0.157000005245209
"1715",0.1824000030756
"1716",-0.229200005531311
"1717",1.44679999351501
"1718",0.305200010538101
"1719",-0.288500010967255
"1720",-1.208899974823
"1721",-0.0381000004708767
"1722",0.160999998450279
"1723",1.27020001411438
"1724",-0.427199989557266
"1725",0.213799998164177
"1726",0.204999998211861
"1727",0.699699997901917
"1728",1.14310002326965
"1729",0.110699996352196
"1730",0.7432000041008
"1731",0.162599995732307
"1732",0.154200002551079
"1733",-0.288399994373322
"1734",-0.0406999997794628
"1735",0.14640000462532
"1736",0.385199993848801
"1737",-0.178200006484985
"1738",-1.478600025177
"1739",0.607200026512146
"1740",-0.528999984264374
"1741",-2.6793999671936
"1742",0.370999991893768
"1743",1.83029997348785
"1744",1.56180000305176
"1745",0.644599974155426
"1746",0.290499985218048
"1747",0.241500005125999
"1748",0.1807000041008
"1749",-0.0681999996304512
"1750",1.96809995174408
"1751",-0.0590999983251095
"1752",-0.319599986076355
"1753",-0.741800010204315
"1754",-0.00400000018998981
"1755",-0.751299977302551
"1756",0.671700000762939
"1757",-1.11800003051758
"1758",-0.331000000238419
"1759",0.347099989652634
"1760",0.734600007534027
"1761",-0.996800005435944
"1762",-0.315600007772446
"1763",1.18830001354218
"1764",-0.393200010061264
"1765",-0.973599970340729
"1766",0.166299998760223
"1767",0.0688999965786934
"1768",-0.91540002822876
"1769",-0.532700002193451
"1770",-0.494300007820129
"1771",1.75189995765686
"1772",2.3024001121521
"1773",0.233700007200241
"1774",1.00370001792908
"1775",0.764699995517731
"1776",0.558099985122681
"1777",0.605000019073486
"1778",-0.13459999859333
"1779",1.02950000762939
"1780",1.0793000459671
"1781",0.297100007534027
"1782",1.14260005950928
"1783",-0.111400000751019
"1784",-0.446999996900558
"1785",2.2409999370575
"1786",-1.40069997310638
"1787",-0.181600004434586
"1788",1.52390003204346
"1789",0.600899994373322
"1790",-0.422100007534027
"1791",-0.0584000013768673
"1792",0.861000001430511
"1793",-0.166500002145767
"1794",1.31379997730255
"1795",0.542100012302399
"1796",-0.399100005626678
"1797",-0.673600018024445
"1798",-1.11710000038147
"1799",0.893899977207184
"1800",-0.694199979305267
"1801",1.46940004825592
"1802",2.04889988899231
"1803",-0.0244999993592501
"1804",0.0524999983608723
"1805",-0.0315000005066395
"1806",-1.09179997444153
"1807",0.176899999380112
"1808",0.395099997520447
"1809",-0.366899996995926
"1810",0.437299996614456
"1811",-0.423099994659424
"1812",0.395000010728836
"1813",1.57140004634857
"1814",0.6560999751091
"1815",0.048200000077486
"1816",-0.815299987792969
"1817",0.88400000333786
"1818",-0.189300000667572
"1819",0.312999993562698
"1820",-0.45770001411438
"1821",-0.574299991130829
"1822",1.46029996871948
"1823",0.105899997055531
"1824",0.442999988794327
"1825",1.38119995594025
"1826",0.99779999256134
"1827",0.159299999475479
"1828",-0.418599992990494
"1829",0.182899996638298
"1830",-1.60790002346039
"1831",-2.36800003051758
"1832",0.860700011253357
"1833",0.236300006508827
"1834",0.423200011253357
"1835",2.28279995918274
"1836",0.511300027370453
"1837",-1.75740003585815
"1838",0.191899999976158
"1839",-1.49119997024536
"1840",-0.126399993896484
"1841",-2.37680006027222
"1842",-2.28769993782043
"1843",1.87370002269745
"1844",0.864600002765656
"1845",-0.286199986934662
"1846",2.41050004959106
"1847",-2.02670001983643
"1848",-0.12890000641346
"1849",-1.86510002613068
"1850",0.110100001096725
"1851",0.24099999666214
"1852",0.726499974727631
"1853",1.32299995422363
"1854",-0.114500001072884
"1855",0.460700005292892
"1856",2.04559993743896
"1857",0.0439999997615814
"1858",-0.4408999979496
"1859",-0.272300004959106
"1860",-0.615400016307831
"1861",0.591600000858307
"1862",0.231600001454353
"1863",0.0883999988436699
"1864",-2.34159994125366
"1865",-0.271699994802475
"1866",-2.48300004005432
"1867",-0.505500018596649
"1868",0.702000021934509
"1869",0.707799971103668
"1870",2.43330001831055
"1871",-0.131500005722046
"1872",0.700600028038025
"1873",-0.227200001478195
"1874",-0.0930999964475632
"1875",-0.473800003528595
"1876",1.72189998626709
"1877",0.550499975681305
"1878",-0.557299971580505
"1879",1.1081999540329
"1880",0.18860000371933
"1881",0.063900001347065
"1882",0.422699987888336
"1883",0.962800025939941
"1884",0.502699971199036
"1885",0.532999992370605
"1886",0.0164000000804663
"1887",0.288300007581711
"1888",0.417899996042252
"1889",0.869300007820129
"1890",-0.394800007343292
"1891",-0.510299980640411
"1892",0.681999981403351
"1893",-0.584299981594086
"1894",0.240600004792213
"1895",-1.27470004558563
"1896",-0.349299997091293
"1897",0.88400000333786
"1898",-0.232600003480911
"1899",0.810000002384186
"1900",0.289099991321564
"1901",-0.250099986791611
"1902",0.275999993085861
"1903",-0.240299999713898
"1904",0.986599981784821
"1905",-0.0837000012397766
"1906",0.731800019741058
"1907",0.60259997844696
"1908",-1.02240002155304
"1909",-0.91619998216629
"1910",-0.025900000706315
"1911",-0.214200004935265
"1912",0.473199993371964
"1913",0.445199996232986
"1914",0.53930002450943
"1915",1.05739998817444
"1916",0.757499992847443
"1917",0.191599994897842
"1918",-0.342599987983704
"1919",-0.422800004482269
"1920",0.699599981307983
"1921",1.13660001754761
"1922",0.282099992036819
"1923",1.53610002994537
"1924",1.61189997196198
"1925",-0.282400012016296
"1926",0.677600026130676
"1927",-0.197400003671646
"1928",0.0359000004827976
"1929",-1.46529996395111
"1930",0.175999999046326
"1931",1.50750005245209
"1932",0.316100001335144
"1933",-0.768100023269653
"1934",1.02670001983643
"1935",-0.655399978160858
"1936",-0.958000004291534
"1937",-1.3183000087738
"1938",0.840399980545044
"1939",-1.95959997177124
"1940",-0.53329998254776
"1941",-0.458000004291534
"1942",-1.10220003128052
"1943",-0.996399998664856
"1944",0.114699997007847
"1945",1.01740002632141
"1946",1.51779997348785
"1947",0.341100007295609
"1948",-1.66670000553131
"1949",-0.91049998998642
"1950",0.0221999995410442
"1951",-0.0221999995410442
"1952",-1.38150000572205
"1953",2.84450006484985
"1954",0.527599990367889
"1955",-0.458700001239777
"1956",0.137500002980232
"1957",0.944999992847443
"1958",-0.468300014734268
"1959",0.0434999987483025
"1960",1.69449996948242
"1961",0.22579999268055
"1962",0.00300000002607703
"1963",-2.73769998550415
"1964",-0.213200002908707
"1965",-1.38460004329681
"1966",-0.988399982452393
"1967",-0.541499972343445
"1968",1.64450001716614
"1969",-2.99819993972778
"1970",-2.37039995193481
"1971",-5.29759979248047
"1972",5.19540023803711
"1973",-3.99950003623962
"1974",-0.0120999999344349
"1975",2.39560008049011
"1976",0.0386000014841557
"1977",4.80800008773804
"1978",2.82760000228882
"1979",1.56050002574921
"1980",-1.94649994373322
"1981",-0.744300007820129
"1982",2.19300007820129
"1983",-1.61230003833771
"1984",-2.93390011787415
"1985",-1.72969996929169
"1986",1.20609998703003
"1987",2.69989991188049
"1988",-1.16559994220734
"1989",0.454899996519089
"1990",-1.51900005340576
"1991",1.0275000333786
"1992",-2.26530003547668
"1993",0.809000015258789
"1994",0.408300012350082
"1995",1.38950002193451
"1996",-0.933799982070923
"1997",-1.55229997634888
"1998",-4.26719999313354
"1999",0.735499978065491
"2000",0.623099982738495
"2001",-3.59349989891052
"2002",-0.574400007724762
"2003",2.13849997520447
"2004",2.65289998054504
"2005",1.68009996414185
"2006",-2.25209999084473
"2007",0.746399998664856
"2008",2.8775999546051
"2009",0.251599997282028
"2010",2.15129995346069
"2011",-2.07719993591309
"2012",2.51160001754761
"2013",0.152400001883507
"2014",0.164199993014336
"2015",1.27610003948212
"2016",-0.451299995183945
"2017",-2.59260010719299
"2018",-0.399899989366531
"2019",1.32809996604919
"2020",-0.315200001001358
"2021",3.52309989929199
"2022",1.04550004005432
"2023",0.100500002503395
"2024",0.838500022888184
"2025",1.66639995574951
"2026",-0.839900016784668
"2027",0.158800005912781
"2028",0.0285000000149012
"2029",2.47839999198914
"2030",-0.067500002682209
"2031",-1.02160000801086
"2032",-2.72000002861023
"2033",0.209999993443489
"2034",1.37249994277954
"2035",2.27410006523132
"2036",-1.03639996051788
"2037",-0.0762000009417534
"2038",1.55569994449615
"2039",1.48129999637604
"2040",-0.792800009250641
"2041",0.207599997520447
"2042",-1.32340002059937
"2043",0
"2044",-0.496899992227554
"2045",-0.743900001049042
"2046",1.0463000535965
"2047",1.94350004196167
"2048",-0.27700001001358
"2049",0.65420001745224
"2050",0.850300014019012
"2051",-0.238900005817413
"2052",-0.502799987792969
"2053",1.42439997196198
"2054",1.52869999408722
"2055",-0.233700007200241
"2056",-0.222900003194809
"2057",-1.08360004425049
"2058",0.335900008678436
"2059",2.02160000801086
"2060",-0.224299997091293
"2061",0.284000009298325
"2062",-0.0373000018298626
"2063",-0.216700002551079
"2064",0.029899999499321
"2065",0.763800024986267
"2066",-0.13740000128746
"2067",-1.9592000246048
"2068",0.41609999537468
"2069",0.538299977779388
"2070",-0.09009999781847
"2071",0.942499995231628
"2072",0.952099978923798
"2073",-0.0368999987840652
"2074",-0.881699979305267
"2075",0.0372000001370907
"2076",0.0260000005364418
"2077",-2.08929991722107
"2078",-1.85500001907349
"2079",-0.174199998378754
"2080",0.77590000629425
"2081",-0.772000014781952
"2082",0.317200005054474
"2083",-1.08739995956421
"2084",0.940500020980835
"2085",2.66429996490479
"2086",0.252000004053116
"2087",1.22109997272491
"2088",0.270599991083145
"2089",0.446900010108948
"2090",0.0662999972701073
"2091",-4.44269990921021
"2092",0.00769999995827675
"2093",-0.215800002217293
"2094",-0.49889999628067
"2095",-0.696399986743927
"2096",0.113200001418591
"2097",1.44029998779297
"2098",0.887899994850159
"2099",0.558499991893768
"2100",-0.0493000000715256
"2101",-0.45210000872612
"2102",-0.488599985837936
"2103",0.0879999995231628
"2104",0.549000024795532
"2105",-1.02419996261597
"2106",-0.58950001001358
"2107",-0.507499992847443
"2108",-0.365700006484985
"2109",0.420100003480911
"2110",-1.6871999502182
"2111",0.212999999523163
"2112",1.14760005474091
"2113",0.748799979686737
"2114",-1.29159998893738
"2115",-1.59449994564056
"2116",0.484200000762939
"2117",0.178000003099442
"2118",-0.869300007820129
"2119",1.0628000497818
"2120",0.0986000001430511
"2121",0.342299997806549
"2122",-0.476300001144409
"2123",3.39070010185242
"2124",1.71319997310638
"2125",-0.511300027370453
"2126",0.421200007200241
"2127",0.224900007247925
"2128",-0.706499993801117
"2129",2.36649990081787
"2130",-0.487300008535385
"2131",0.391499996185303
"2132",0.0627000033855438
"2133",1.0518000125885
"2134",0.0546999983489513
"2135",-1.7199000120163
"2136",0.336800009012222
"2137",-0.644900023937225
"2138",1.00999999046326
"2139",1.45799994468689
"2140",-0.305200010538101
"2141",-0.379099994897842
"2142",-1.7389999628067
"2143",1.20070004463196
"2144",-0.489600002765656
"2145",0.925700008869171
"2146",-0.630900025367737
"2147",1.47189998626709
"2148",-1.38370001316071
"2149",-0.088299997150898
"2150",-0.649699985980988
"2151",0.196099996566772
"2152",-1.00300002098083
"2153",0.547299981117249
"2154",0.348399996757507
"2155",0.660099983215332
"2156",-0.567700028419495
"2157",-0.757000029087067
"2158",0.568300008773804
"2159",-1.24479997158051
"2160",-1.19210004806519
"2161",0.446799993515015
"2162",0.192499995231628
"2163",-1.01950001716614
"2164",1.33200001716614
"2165",2.23040008544922
"2166",0.0697999969124794
"2167",-0.0551000013947487
"2168",0.337599992752075
"2169",-0.385399997234344
"2170",-0.287299990653992
"2171",-0.432399988174438
"2172",-1.30110001564026
"2173",-1.73740005493164
"2174",0.324000000953674
"2175",-0.0760999992489815
"2176",-1.48109996318817
"2177",0.720300018787384
"2178",0.0806000009179115
"2179",0.0996999964118004
"2180",-0.303099989891052
"2181",-1.26059997081757
"2182",0.0428000018000603
"2183",1.55920004844666
"2184",-0.749599993228912
"2185",0.192699998617172
"2186",1.01530003547668
"2187",0.0685999989509583
"2188",-0.377799987792969
"2189",-1.2195999622345
"2190",2.34500002861023
"2191",0.418799996376038
"2192",0.105400003492832
"2193",0.00380000006407499
"2194",0.36039999127388
"2195",-0.138799995183945
"2196",0.359600007534027
"2197",0.700500011444092
"2198",-0.439099997282028
"2199",0.935500025749207
"2200",-0.678399980068207
"2201",0.337900012731552
"2202",0.159299999475479
"2203",-0.363400012254715
"2204",-1.27869999408722
"2205",1.16719996929169
"2206",-0.230900004506111
"2207",0.305200010538101
"2208",1.2960000038147
"2209",-0.249799996614456
"2210",-0.195099994540215
"2211",-0.280400007963181
"2212",0.457199990749359
"2213",0.19480000436306
"2214",2.06380009651184
"2215",0.061099998652935
"2216",-0.11150000244379
"2217",-1.4313999414444
"2218",0.451599985361099
"2219",0.101700000464916
"2220",0.329800009727478
"2221",1.06879997253418
"2222",-0.866400003433228
"2223",2.11139988899231
"2224",0.275400012731552
"2225",-0.48769998550415
"2226",0.0353999994695187
"2227",-0.35479998588562
"2228",-1.46780002117157
"2229",0.44980001449585
"2230",0.157800003886223
"2231",0.0322999991476536
"2232",0
"2233",0.0502000004053116
"2234",-1.04050004482269
"2235",-0.865100026130676
"2236",0.444400012493134
"2237",-0.663699984550476
"2238",0.131600007414818
"2239",-2.1308000087738
"2240",-0.0746999979019165
"2241",0.231299996376038
"2242",-1.69879996776581
"2243",0.295199990272522
"2244",0.704200029373169
"2245",-0.0939000025391579
"2246",0.371199995279312
"2247",0.667699992656708
"2248",-0.660199999809265
"2249",0.526199996471405
"2250",0.841400027275085
"2251",1.0246000289917
"2252",-0.44310000538826
"2253",-0.249899998307228
"2254",1.14129996299744
"2255",0.96289998292923
"2256",0.1942999958992
"2257",-0.5625
"2258",0.166199997067451
"2259",-0.184300005435944
"2260",-0.0759999975562096
"2261",-0.36259999871254
"2262",-0.374799996614456
"2263",0.730199992656708
"2264",0.94379997253418
"2265",-0.517599999904633
"2266",-0.0324000008404255
"2267",-0.184000000357628
"2268",0.360500007867813
"2269",-0.375
"2270",0.0903000012040138
"2271",0.83380001783371
"2272",-0.603100001811981
"2273",-0.871599972248077
"2274",1.48539996147156
"2275",0.207399994134903
"2276",0.235400006175041
"2277",0.110399998724461
"2278",-0.213799998164177
"2279",0.579699993133545
"2280",0.41049998998642
"2281",0.246900007128716
"2282",0.095100000500679
"2283",-0.207900002598763
"2284",1.04550004005432
"2285",0.12899999320507
"2286",-0.094200000166893
"2287",-0.745899975299835
"2288",1.39269995689392
"2289",0.225099995732307
"2290",0.878099977970123
"2291",0.72759997844696
"2292",0.397399991750717
"2293",0.837199985980988
"2294",-0.12780000269413
"2295",-0.0842000022530556
"2296",0.0438000001013279
"2297",-0.313699990510941
"2298",1.20539999008179
"2299",-0.327600002288818
"2300",-0.870999991893768
"2301",-1.37399995326996
"2302",0.17790000140667
"2303",-0.249899998307228
"2304",0.829299986362457
"2305",0.193499997258186
"2306",0.659300029277802
"2307",-0.263200014829636
"2308",-1.72780001163483
"2309",0.391099989414215
"2310",-1.69900000095367
"2311",0.239999994635582
"2312",0.360700011253357
"2313",-0.607699990272522
"2314",0.984300017356873
"2315",0.423299998044968
"2316",1.23889994621277
"2317",-0.319400012493134
"2318",0.0714000016450882
"2319",-0.0509999990463257
"2320",-0.357899993658066
"2321",0.829699993133545
"2322",-0.0610000006854534
"2323",0.517099976539612
"2324",0.929400026798248
"2325",-2.27999997138977
"2326",-0.950900018215179
"2327",0.485199987888336
"2328",-0.288700014352798
"2329",-0.521200001239777
"2330",0.548699975013733
"2331",0.350400000810623
"2332",0.260300010442734
"2333",0.0581000000238419
"2334",0.80019998550415
"2335",0.51419997215271
"2336",-0.365099996328354
"2337",0.314399987459183
"2338",-0.321200013160706
"2339",0.63129997253418
"2340",-0.0167999994009733
"2341",0.46340000629425
"2342",0.167400002479553
"2343",-0.870000004768372
"2344",1.65960001945496
"2345",0.119400002062321
"2346",1.41509997844696
"2347",0.368600010871887
"2348",-0.312999993562698
"2349",1.11080002784729
"2350",-0.297600001096725
"2351",-0.630400002002716
"2352",0.0586999990046024
"2353",0.85970002412796
"2354",0.0194000005722046
"2355",-0.168099999427795
"2356",-0.324000000953674
"2357",0.0130000002682209
"2358",-0.126599997282028
"2359",-0.0520000010728836
"2360",-0.524800002574921
"2361",-0.265100002288818
"2362",0.199699997901917
"2363",0.375400006771088
"2364",2.21979999542236
"2365",0.736500024795532
"2366",-0.278699994087219
"2367",0.69539999961853
"2368",0.154200002551079
"2369",1.02310001850128
"2370",0.230100005865097
"2371",-1.14320003986359
"2372",0.257299989461899
"2373",0.00939999986439943
"2374",0.755400002002716
"2375",-0.792999982833862
"2376",0.459699988365173
"2377",0.451400011777878
"2378",1.09660005569458
"2379",-1.07790005207062
"2380",0.683899998664856
"2381",0.832300007343292
"2382",-0.0612000003457069
"2383",-0.0184000004082918
"2384",-0.137799993157387
"2385",-0.871200025081635
"2386",0.129800006747246
"2387",-1.16480004787445
"2388",0.395999997854233
"2389",0.167899996042252
"2390",-0.199000000953674
"2391",-0.239999994635582
"2392",0.572499990463257
"2393",1.74689996242523
"2394",-0.427700012922287
"2395",0.561800003051758
"2396",-0.804000020027161
"2397",-1.89939999580383
"2398",-0.533200025558472
"2399",0
"2400",0.833100020885468
"2401",0.283399999141693
"2402",1.03949999809265
"2403",0.662599980831146
"2404",0.521499991416931
"2405",0.312799990177155
"2406",0.0423999987542629
"2407",0.571200013160706
"2408",0.180600002408028
"2409",-0.328399986028671
"2410",1.31319999694824
"2411",-0.663399994373322
"2412",0.714100003242493
"2413",-0.666100025177002
"2414",0.062899999320507
"2415",1.24119997024536
"2416",1.15880000591278
"2417",0.0467999987304211
"2418",1.14209997653961
"2419",-0.675499975681305
"2420",0.171499997377396
"2421",0.116099998354912
"2422",-0.238100007176399
"2423",1.58369994163513
"2424",-0.0172000005841255
"2425",-0.692200005054474
"2426",0.376899987459183
"2427",-1.01300001144409
"2428",-0.488499999046326
"2429",0.47979998588562
"2430",0.275200009346008
"2431",-0.350699990987778
"2432",0.45770001411438
"2433",-1.56110000610352
"2434",0.152500003576279
"2435",1.02349996566772
"2436",1.9592000246048
"2437",-0.284900009632111
"2438",0.446900010108948
"2439",-0.641099989414215
"2440",0.231299996376038
"2441",0.227899998426437
"2442",0.646600008010864
"2443",-0.331299990415573
"2444",-0.946099996566772
"2445",-0.255199998617172
"2446",0.117600001394749
"2447",-0.3158999979496
"2448",0.298700004816055
"2449",-0.933499991893768
"2450",-0.667999982833862
"2451",0.552200019359589
"2452",0.482800006866455
"2453",-0.0518999993801117
"2454",-0.0230999998748302
"2455",-0.222499996423721
"2456",0.389800012111664
"2457",-0.815900027751923
"2458",0.028999999165535
"2459",0.223399996757507
"2460",1.00909996032715
"2461",0.157600000500679
"2462",0.491400003433228
"2463",1.08850002288818
"2464",0.626699984073639
"2465",0.00839999970048666
"2466",0.505800008773804
"2467",0.283899992704391
"2468",-0.18639999628067
"2469",-0.597699999809265
"2470",-0.449200004339218
"2471",2.72000002861023
"2472",-0.494100004434586
"2473",0.17569999396801
"2474",1.55910003185272
"2475",0.00860000029206276
"2476",-0.673399984836578
"2477",-0.32820001244545
"2478",-0.349799990653992
"2479",-1.34329998493195
"2480",-0.85290002822876
"2481",0.00300000002607703
"2482",1.56640005111694
"2483",0.246500000357628
"2484",-0.800400018692017
"2485",-0.254400014877319
"2486",-1.49500000476837
"2487",0.659300029277802
"2488",0.99260002374649
"2489",-0.468300014734268
"2490",0.74889999628067
"2491",0.132599994540215
"2492",-0.460500001907349
"2493",0.751600027084351
"2494",0.0116999996826053
"2495",0.301999986171722
"2496",-0.663800001144409
"2497",0.0706999972462654
"2498",0.680899977684021
"2499",0.6007000207901
"2500",0.475699990987778
"2501",0.0463000014424324
"2502",-0.629599988460541
"2503",0.693199992179871
"2504",1.332200050354
"2505",0.222200006246567
"2506",-0.52209997177124
"2507",-0.295100003480911
"2508",-0.275799989700317
"2509",0.316000014543533
"2510",-0.0373000018298626
"2511",0.90530002117157
"2512",0.289600014686584
"2513",-0.517300009727478
"2514",-0.225400000810623
"2515",-1.85930001735687
"2516",-0.358500003814697
"2517",0.11089999973774
"2518",0.564300000667572
"2519",0.762799978256226
"2520",-0.17569999396801
"2521",0.574999988079071
"2522",0.531799972057343
"2523",0.775499999523163
"2524",1.76419997215271
"2525",-0.258899986743927
"2526",-0.865000009536743
"2527",-0.980400025844574
"2528",0.450399994850159
"2529",-1.18570005893707
"2530",-0.662899971008301
"2531",0.350699990987778
"2532",-2.49850010871887
"2533",-0.865700006484985
"2534",1.10660004615784
"2535",-0.987999975681305
"2536",0.233899995684624
"2537",0.283499985933304
"2538",-2.61989998817444
"2539",0.3716000020504
"2540",-0.407900005578995
"2541",-1.27369999885559
"2542",-0.0859000012278557
"2543",-0.184300005435944
"2544",-0.685000002384186
"2545",1.87100005149841
"2546",-0.0882000029087067
"2547",0.645699977874756
"2548",0.280600011348724
"2549",-0.66210001707077
"2550",1.23300004005432
"2551",-0.237000003457069
"2552",0.197999998927116
"2553",-1.06679999828339
"2554",0.28439998626709
"2555",0.298599988222122
"2556",0.863699972629547
"2557",-0.650099992752075
"2558",-1.43180000782013
"2559",-0.0975999981164932
"2560",-0.602999985218048
"2561",-0.476999998092651
"2562",1.38479995727539
"2563",0.482600003480911
"2564",0.492300003767014
"2565",0.255800008773804
"2566",0.837999999523163
"2567",-0.537899971008301
"2568",1.24769997596741
"2569",-0.290399998426437
"2570",0.980499982833862
"2571",-0.690100014209747
"2572",0.218700006604195
"2573",-0.791499972343445
"2574",0.258599996566772
"2575",0.355599999427795
"2576",1.12950003147125
"2577",0.472699999809265
"2578",-0.572200000286102
"2579",-0.537199974060059
"2580",-1.19930005073547
"2581",0.454699993133545
"2582",0.121500000357628
"2583",1.13970005512238
"2584",0.146300002932549
"2585",-0.354400008916855
"2586",-0.249699994921684
"2587",-0.365399986505508
"2588",1.44799995422363
"2589",-0.744799971580505
"2590",-0.105599999427795
"2591",-0.199799999594688
"2592",0.38740000128746
"2593",0.204799994826317
"2594",-0.0439000017940998
"2595",0.705299973487854
"2596",0.116099998354912
"2597",-0.017400000244379
"2598",-1.15550005435944
"2599",-0.774900019168854
"2600",-0.882300019264221
"2601",-1.22189998626709
"2602",-0.208599999547005
"2603",0.504199981689453
"2604",0.267699986696243
"2605",-1.15100002288818
"2606",0.512199997901917
"2607",0.437400013208389
"2608",0.668900012969971
"2609",0.325300008058548
"2610",0.8367999792099
"2611",0.630400002002716
"2612",0.433699995279312
"2613",1.69599997997284
"2614",-1.16820001602173
"2615",2.35130000114441
"2616",0.778199970722198
"2617",-0.132599994540215
"2618",-0.0790999978780746
"2619",0.132699996232986
"2620",0.0478999987244606
"2621",0.943000018596649
"2622",0.119999997317791
"2623",0.239600002765656
"2624",-0.245199993252754
"2625",-1.07439994812012
"2626",1.69739997386932
"2627",0.0582000017166138
"2628",0.10249999910593
"2629",0.532899975776672
"2630",1.16079998016357
"2631",-0.207100003957748
"2632",-0.459300011396408
"2633",-0.497200012207031
"2634",-1.23020005226135
"2635",0.810699999332428
"2636",1.26950001716614
"2637",-0.369300007820129
"2638",-0.549600005149841
"2639",0.00279999990016222
"2640",-1.67550003528595
"2641",0.583899974822998
"2642",0.0362000018358231
"2643",0.380800008773804
"2644",-1.40799999237061
"2645",-0.881699979305267
"2646",-0.0710000023245811
"2647",0.870999991893768
"2648",0.69870001077652
"2649",0.108999997377396
"2650",0.423700004816055
"2651",0.17229999601841
"2652",-1.25170004367828
"2653",0.767400026321411
"2654",0.306400001049042
"2655",-0.846400022506714
"2656",1.32089996337891
"2657",1.15869998931885
"2658",0.510399997234344
"2659",0.445499986410141
"2660",-0.388300001621246
"2661",-0.90200001001358
"2662",0.301600009202957
"2663",-1.02069997787476
"2664",-1.75759994983673
"2665",0.135000005364418
"2666",0.364699989557266
"2667",-0.331000000238419
"2668",-0.696399986743927
"2669",0.595200002193451
"2670",0.168599992990494
"2671",-0.177000001072884
"2672",-1.14289999008179
"2673",-1.90139997005463
"2674",-3.07109999656677
"2675",0.119499996304512
"2676",1.04579997062683
"2677",0.468800008296967
"2678",-1.30879998207092
"2679",0.984600007534027
"2680",0.162200003862381
"2681",0.197200000286102
"2682",-2.28130006790161
"2683",-1.38139998912811
"2684",0.20720000565052
"2685",-2.04509997367859
"2686",-1.66349995136261
"2687",-3.04380011558533
"2688",1.43879997730255
"2689",3.13790011405945
"2690",-0.0310999993234873
"2691",0.883000016212463
"2692",-1.70480000972748
"2693",1.2007999420166
"2694",0.164199993014336
"2695",0.401600003242493
"2696",-1.21889996528625
"2697",0.9132000207901
"2698",-0.548799991607666
"2699",-0.18359999358654
"2700",0.466100007295609
"2701",-1.21340000629425
"2702",-0.572799980640411
"2703",0.296200007200241
"2704",0.260899990797043
"2705",-0.629700005054474
"2706",-1.63039994239807
"2707",-0.0513999983668327
"2708",-2.18549990653992
"2709",1.19770002365112
"2710",-1.04349994659424
"2711",-1.34979999065399
"2712",1.67379999160767
"2713",2.86339998245239
"2714",0.0856999978423119
"2715",-1.21609997749329
"2716",0.413399994373322
"2717",-0.381300002336502
"2718",0.633599996566772
"2719",-2.70959997177124
"2720",-1.55579996109009
"2721",-1.65480005741119
"2722",1.53489995002747
"2723",1.06089997291565
"2724",-1.43159997463226
"2725",-0.0535000003874302
"2726",2.30940008163452
"2727",2.18050003051758
"2728",0.726999998092651
"2729",-0.765399992465973
"2730",0.0768000036478043
"2731",-0.780399978160858
"2732",-1.77600002288818
"2733",-0.933099985122681
"2734",0.719500005245209
"2735",-0.0197000000625849
"2736",0.988499999046326
"2737",1.56089997291565
"2738",0.874800026416779
"2739",-0.948599994182587
"2740",-1.81669998168945
"2741",0.521499991416931
"2742",1.97319996356964
"2743",1.81299996376038
"2744",-0.568199992179871
"2745",0.855700016021729
"2746",-1.06050002574921
"2747",0.0315000005066395
"2748",0.69760000705719
"2749",-1.26999998092651
"2750",0.228100001811981
"2751",-0.294699996709824
"2752",0.44650000333786
"2753",0.50110000371933
"2754",-0.0472000017762184
"2755",-0.482400000095367
"2756",1.81640005111694
"2757",0.581799983978271
"2758",0.691799998283386
"2759",1.08800005912781
"2760",-0.257999986410141
"2761",-0.401899993419647
"2762",0.347200006246567
"2763",-0.747699975967407
"2764",1.14219999313354
"2765",-0.25780001282692
"2766",-0.768100023269653
"2767",-0.245100006461143
"2768",1.22850000858307
"2769",0.0454000011086464
"2770",-0.0241999998688698
"2771",0.492500007152557
"2772",-0.55919998884201
"2773",0.287600010633469
"2774",-0.776799976825714
"2775",0.130899995565414
"2776",0.455300003290176
"2777",-1.14820003509521
"2778",-1.40050005912781
"2779",-0.283100008964539
"2780",-1.74730002880096
"2781",-0.171299993991852
"2782",-1.08879995346069
"2783",0.971199989318848
"2784",0.222299993038177
"2785",-0.873000025749207
"2786",0.395999997854233
"2787",0.774699985980988
"2788",3.66420006752014
"2789",1.29050004482269
"2790",-0.352800011634827
"2791",-0.834100008010864
"2792",0.577099978923798
"2793",1.37450003623962
"2794",0.384600013494492
"2795",-0.0119000002741814
"2796",-0.0566000007092953
"2797",1.49839997291565
"2798",0.882000029087067
"2799",-0.168799996376038
"2800",1.44289994239807
"2801",0.834800004959106
"2802",1.92019999027252
"2803",-0.433800011873245
"2804",0.790700018405914
"2805",2.53609991073608
"2806",-0.839200019836426
"2807",0.958500027656555
"2808",-0.00540000014007092
"2809",0.0163000002503395
"2810",0.0894000008702278
"2811",-1.15719997882843
"2812",-0.0465999990701675
"2813",0.186100006103516
"2814",0.439300000667572
"2815",-1.21909999847412
"2816",1.34969997406006
"2817",-0.1824000030756
"2818",0.921999990940094
"2819",-0.308200001716614
"2820",1.9811999797821
"2821",-0.146099999547005
"2822",-0.0690999999642372
"2823",-0.255699992179871
"2824",-0.53219997882843
"2825",-0.788699984550476
"2826",1.21949994564056
"2827",-0.286100000143051
"2828",0.024100000038743
"2829",-0.396899998188019
"2830",-1.494500041008
"2831",0.362100005149841
"2832",-0.36489999294281
"2833",0.245199993252754
"2834",0.637499988079071
"2835",0.127000004053116
"2836",1.35450005531311
"2837",-0.0346000008285046
"2838",-1.05019998550415
"2839",2.13170003890991
"2840",-0.0949999988079071
"2841",0.218799993395805
"2842",-1.16799998283386
"2843",0.875299990177155
"2844",-1.35599994659424
"2845",-0.10980000346899
"2846",1.19340002536774
"2847",0.730799973011017
"2848",0.207499995827675
"2849",1.67279994487762
"2850",0.727400004863739
"2851",-0.510999977588654
"2852",-1.10269999504089
"2853",-0.849500000476837
"2854",0.212400004267693
"2855",0.261599987745285
"2856",-0.921299993991852
"2857",-0.060699999332428
"2858",-1.42429995536804
"2859",0.451299995183945
"2860",1.30750000476837
"2861",0.0604999996721745
"2862",0.0736000016331673
"2863",-0.189300000667572
"2864",-0.728799998760223
"2865",0.314900010824203
"2866",1.244500041008
"2867",-1.97899997234344
"2868",0.271100014448166
"2869",-1.37370002269745
"2870",-0.824100017547607
"2871",0.977400004863739
"2872",0.0537000000476837
"2873",-0.0295000001788139
"2874",0.821300029754639
"2875",0.223499998450279
"2876",-0.32480001449585
"2877",0.669799983501434
"2878",1.17190003395081
"2879",0.222299993038177
"2880",1.08350002765656
"2881",0.738900005817413
"2882",-0.455099999904633
"2883",-0.0825000032782555
"2884",-0.685800015926361
"2885",-0.379900008440018
"2886",-1.10080003738403
"2887",-0.226899996399879
"2888",0.652999997138977
"2889",-1.16139996051788
"2890",0.259900003671646
"2891",1.22650003433228
"2892",-0.566600024700165
"2893",-0.405900001525879
"2894",-0.928799986839294
"2895",0.0878999978303909
"2896",0.61870002746582
"2897",-1.81920003890991
"2898",-0.0781999975442886
"2899",0.25330001115799
"2900",0.753400027751923
"2901",-0.869199991226196
"2902",1.80490005016327
"2903",-0.119099996984005
"2904",-1.10280001163483
"2905",0.200699999928474
"2906",1.02660000324249
"2907",-0.48539999127388
"2908",-0.0983999967575073
"2909",0.326799988746643
"2910",0.866299986839294
"2911",0.561200022697449
"2912",-0.222499996423721
"2913",-0.0944000035524368
"2914",1.09319996833801
"2915",-0.298900008201599
"2916",-0.349400013685226
"2917",-0.907800018787384
"2918",-0.205799996852875
"2919",0.61080002784729
"2920",-0.00789999961853027
"2921",0.581099987030029
"2922",0.919700026512146
"2923",0.289200007915497
"2924",-0.178100004792213
"2925",0.0154999997466803
"2926",-0.549099981784821
"2927",1.43359994888306
"2928",-0.0153999999165535
"2929",-0.317999988794327
"2930",-0.566699981689453
"2931",0.232199996709824
"2932",0.411500006914139
"2933",0.0718000009655952
"2934",-0.146300002932549
"2935",-0.967899978160858
"2936",-2.39100003242493
"2937",0.783200025558472
"2938",2.89879989624023
"2939",0.189300000667572
"2940",0.976499974727631
"2941",-0.334600001573563
"2942",-0.200800001621246
"2943",0.906700015068054
"2944",-0.0428999997675419
"2945",-0.262699991464615
"2946",-0.832899987697601
"2947",-0.557500004768372
"2948",-0.213100001215935
"2949",-0.0103000001981854
"2950",-0.0847999975085258
"2951",-1.08879995346069
"2952",0.137700006365776
"2953",0.582599997520447
"2954",-0.972899973392487
"2955",0.5692999958992
"2956",-0.0725999996066093
"2957",0.37279999256134
"2958",0.160099998116493
"2959",0.092799998819828
"2960",-0.51690000295639
"2961",0.462799996137619
"2962",-0.214300006628036
"2963",-0.0750000029802322
"2964",-0.178599998354912
"2965",0.506600022315979
"2966",0.344900012016296
"2967",-0.241799995303154
"2968",-0.98089998960495
"2969",-0.843699991703033
"2970",-0.457500010728836
"2971",0.307799994945526
"2972",-1.02180004119873
"2973",0.990299999713898
"2974",0.236200004816055
"2975",2.47530007362366
"2976",0.456699997186661
"2977",-0.224299997091293
"2978",0.147900000214577
"2979",-0.633899986743927
"2980",-0.563099980354309
"2981",0.0284000001847744
"2982",-0.74260002374649
"2983",-0.226199999451637
"2984",1.37520003318787
"2985",0.501900017261505
"2986",0.37729999423027
"2987",-0.12729999423027
"2988",-0.290899991989136
"2989",-0.266099989414215
"2990",-0.40310001373291
"2991",0.323599994182587
"2992",0.957000017166138
"2993",-0.210999995470047
"2994",0.0584999993443489
"2995",0.916599988937378
"2996",0.168699994683266
"2997",-0.0653999969363213
"2998",-3.72720003128052
"2999",0.682399988174438
"3000",-1.52230000495911
"3001",-0.23479999601841
"3002",0.403400003910065
"3003",-1.03680002689362
"3004",-0.212899997830391
"3005",0.695599973201752
"3006",-0.373800009489059
"3007",-0.353799998760223
"3008",1.63359999656677
"3009",-0.11540000140667
"3010",-0.233899995684624
"3011",-0.707599997520447
"3012",0.45210000872612
"3013",-0.221799999475479
"3014",-0.0952000021934509
"3015",-0.0529000014066696
"3016",1.01419997215271
"3017",0.762399971485138
"3018",-0.00260000000707805
"3019",-0.448399990797043
"3020",0.193200007081032
"3021",-0.250699996948242
"3022",1.17470002174377
"3023",2.49550008773804
"3024",0.630500018596649
"3025",1.37039995193481
"3026",0.399399995803833
"3027",2.11299991607666
"3028",0.468600004911423
"3029",0.0408000014722347
"3030",0.497299998998642
"3031",-0.329600006341934
"3032",-0.134100005030632
"3033",0.167600005865097
"3034",-0.117299996316433
"3035",-0.60290002822876
"3036",-0.183300003409386
"3037",1.46150004863739
"3038",0.0785000026226044
"3039",-0.610300004482269
"3040",0.155300006270409
"3041",-0.598599970340729
"3042",-0.897499978542328
"3043",1.32169997692108
"3044",-0.760999977588654
"3045",0.125200003385544
"3046",-0.118000000715256
"3047",-0.00719999987632036
"3048",-1.11960005760193
"3049",0.313899993896484
"3050",-0.692300021648407
"3051",0.180899992585182
"3052",1.04929995536804
"3053",-0.00240000011399388
"3054",-0.00480000022798777
"3055",-0.661899983882904
"3056",0.649800002574921
"3057",-0.00240000011399388
"3058",0.811200022697449
"3059",-0.828100025653839
"3060",-0.292899996042252
"3061",-1.24409997463226
"3062",0.215800002217293
"3063",1.37199997901917
"3064",-0.591300010681152
"3065",0.196700006723404
"3066",-0.442400008440018
"3067",1.18669998645782
"3068",-0.359400004148483
"3069",-0.280699998140335
"3070",-0.0606000013649464
"3071",0.096900001168251
"3072",-0.856299996376038
"3073",-0.691299974918365
"3074",-0.510500013828278
"3075",0.190200001001358
"3076",0.413700014352798
"3077",-0.705399990081787
"3078",-0.0346999987959862
"3079",0.481599986553192
"3080",0.135399997234344
"3081",0.781899988651276
"3082",-0.104999996721745
"3083",0.158700004220009
"3084",0.365399986505508
"3085",-0.338499993085861
"3086",-0.251599997282028
"3087",-0.333200007677078
"3088",0.0834000036120415
"3089",-1.07469999790192
"3090",-0.123999997973442
"3091",0.171100005507469
"3092",0.133699998259544
"3093",-0.926999986171722
"3094",0.261799991130829
"3095",1.00109994411469
"3096",-1.87399995326996
"3097",-0.898400008678436
"3098",1.54439997673035
"3099",0.906899988651276
"3100",0.441799998283386
"3101",1.54190003871918
"3102",0.938899993896484
"3103",-0.0553000010550022
"3104",-1.42579996585846
"3105",0.0243999995291233
"3106",-0.109700001776218
"3107",0.435799986124039
"3108",-0.628799974918365
"3109",-0.139500007033348
"3110",0.161500006914139
"3111",0.70880001783371
"3112",0.708599984645844
"3113",-0.58490002155304
"3114",1.05610001087189
"3115",-0.0167999994009733
"3116",-0.0120000001043081
"3117",-0.22579999268055
"3118",0.0480999983847141
"3119",0.584800004959106
"3120",-0.527100026607513
"3121",0.0384000018239021
"3122",-0.797999978065491
"3123",-0.74099999666214
"3124",0.661099970340729
"3125",0.858699977397919
"3126",-0.235599994659424
"3127",-0.673900008201599
"3128",0.343600004911423
"3129",-0.63239997625351
"3130",0.184599995613098
"3131",1.10269999504089
"3132",-0.334100008010864
"3133",0.468400001525879
"3134",-0.914799988269806
"3135",0.263300001621246
"3136",-0.321299999952316
"3137",0.0531999990344048
"3138",-0.028999999165535
"3139",-0.801500022411346
"3140",-0.687600016593933
"3141",0.441000014543533
"3142",0.17339999973774
"3143",0.129299998283386
"3144",-0.481299996376038
"3145",-1.49530005455017
"3146",-0.32370001077652
"3147",0.673600018024445
"3148",-0.0668999999761581
"3149",0.158500000834465
"3150",-0.0520000010728836
"3151",-0.175999999046326
"3152",0.0817999988794327
"3153",1.35160005092621
"3154",-0.195800006389618
"3155",1.15470004081726
"3156",-0.269199997186661
"3157",0.501399993896484
"3158",-1.13730001449585
"3159",0.273400008678436
"3160",0.958199977874756
"3161",0.0940999984741211
"3162",0.0603000000119209
"3163",0.675000011920929
"3164",-0.138999998569489
"3165",0.105400003492832
"3166",-0.460900008678436
"3167",-0.450899988412857
"3168",0.00240000011399388
"3169",-0.686299979686737
"3170",0.279500007629395
"3171",-0.116599999368191
"3172",-0.0146000003442168
"3173",1.44260001182556
"3174",1.1217999458313
"3175",0.399500012397766
"3176",0.068400003015995
"3177",0.20720000565052
"3178",-0.171900004148483
"3179",-0.512700021266937
"3180",-0.379700005054474
"3181",-0.407400012016296
"3182",0.128800004720688
"3183",-0.124099999666214
"3184",-0.267699986696243
"3185",-0.0120000001043081
"3186",0.520500004291534
"3187",0.197500005364418
"3188",0.142499998211861
"3189",-0.750400006771088
"3190",0.0166999995708466
"3191",-0.818599998950958
"3192",-1.00049996376038
"3193",0.216499999165535
"3194",0.460500001907349
"3195",0.00480000022798777
"3196",0.316300004720688
"3197",-0.19539999961853
"3198",0.491499990224838
"3199",0.458000004291534
"3200",0.477400004863739
"3201",-0.692900002002716
"3202",-0.634999990463257
"3203",0.462199985980988
"3204",0.858500003814697
"3205",-0.0881000012159348
"3206",1.34700000286102
"3207",-1.30169999599457
"3208",0.0357000008225441
"3209",0.00240000011399388
"3210",0.711899995803833
"3211",-0.187000006437302
"3212",-1.19149994850159
"3213",0.0719000026583672
"3214",0.246399998664856
"3215",-0.989400029182434
"3216",0.546400010585785
"3217",0.0432000011205673
"3218",0.239600002765656
"3219",-0.362100005149841
"3220",-1.40789997577667
"3221",-0.708999991416931
"3222",-0.0957000032067299
"3223",-0.722199976444244
"3224",0.862100005149841
"3225",-1.25619995594025
"3226",1.18009996414185
"3227",0.45550000667572
"3228",0.0171000007539988
"3229",0.0562000013887882
"3230",0.518700003623962
"3231",0.786300003528595
"3232",0.120399996638298
"3233",0.0456999987363815
"3234",-0.185399994254112
"3235",-0.193000003695488
"3236",0.9757000207901
"3237",0.0789000019431114
"3238",0.391099989414215
"3239",0.173600003123283
"3240",-0.519299983978271
"3241",0.967400014400482
"3242",-0.671700000762939
"3243",-0.671400010585785
"3244",0.29449999332428
"3245",-0.181799992918968
"3246",0.241600006818771
"3247",0.00719999987632036
"3248",0.851599991321564
"3249",0.158600002527237
"3250",-0.104099996387959
"3251",-0.415100008249283
"3252",-0.335700005292892
"3253",0.850199997425079
"3254",0.17960000038147
"3255",0.715099990367889
"3256",-0.35929998755455
"3257",0.579299986362457
"3258",0.373499989509583
"3259",0.22579999268055
"3260",0.276300013065338
"3261",-0.132200002670288
"3262",-0.206799998879433
"3263",0.00469999993219972
"3264",0.49889999628067
"3265",0.749400019645691
"3266",0.385199993848801
"3267",-0.307099997997284
"3268",-0.232099995017052
"3269",-0.209600001573563
"3270",-0.205400004982948
"3271",-0.0623999983072281
"3272",-0.243000000715256
"3273",0.90200001001358
"3274",1.33459997177124
"3275",-0.131500005722046
"3276",-0.0885000005364418
"3277",-0.29109999537468
"3278",0.168400004506111
"3279",-0.141100004315376
"3280",-0.266799986362457
"3281",0.191599994897842
"3282",-0.711199998855591
"3283",-0.0758000016212463
"3284",-0.239199995994568
"3285",0.0414000004529953
"3286",-0.87610000371933
"3287",-0.390799999237061
"3288",0.441900014877319
"3289",0.0208999998867512
"3290",0.460599988698959
"3291",0.669799983501434
"3292",0.277200013399124
"3293",-0.0709000006318092
"3294",-0.392199993133545
"3295",-0.405299991369247
"3296",0.488000005483627
"3297",0.142299994826317
"3298",0.89029997587204
"3299",-0.0136000001803041
"3300",-0.419099986553192
"3301",0.125499993562698
"3302",0.0274000000208616
"3303",0.848800003528595
"3304",0.00899999961256981
"3305",1.04299998283386
"3306",0.526300013065338
"3307",-0.14020000398159
"3308",-0.240899994969368
"3309",-0.564300000667572
"3310",0.201900005340576
"3311",0.319999992847443
"3312",-0.690400004386902
"3313",-2.42930006980896
"3314",-0.140699997544289
"3315",-0.323599994182587
"3316",0.535700023174286
"3317",0.234599992632866
"3318",-0.101099997758865
"3319",1.38639998435974
"3320",0.332899987697601
"3321",0.23479999601841
"3322",-0.309500008821487
"3323",1.32369995117188
"3324",0.303200006484985
"3325",-0.428299993276596
"3326",-0.275299996137619
"3327",1.90939998626709
"3328",-0.0681999996304512
"3329",0.423799991607666
"3330",-0.573599994182587
"3331",-0.861100018024445
"3332",0.355100005865097
"3333",-0.0132999997586012
"3334",-0.680199980735779
"3335",0.795400023460388
"3336",-0.379099994897842
"3337",-0.289200007915497
"3338",-0.0266999993473291
"3339",-0.153899997472763
"3340",0.625199973583221
"3341",-0.689899981021881
"3342",0.665499985218048
"3343",0.265899986028671
"3344",-0.0663999989628792
"3345",-0.303799986839294
"3346",-1.99849998950958
"3347",0.203700006008148
"3348",-0.255800008773804
"3349",0.355199992656708
"3350",-0.201199993491173
"3351",1.46710002422333
"3352",0.189400002360344
"3353",-0.124700002372265
"3354",-0.0579999983310699
"3355",0.120399996638298
"3356",-0.330199986696243
"3357",-0.528800010681152
"3358",-0.330799996852875
"3359",-0.944400012493134
"3360",-0.554499983787537
"3361",-0.801800012588501
"3362",1.02579998970032
"3363",0.00230000005103648
"3364",0.198400005698204
"3365",0.295800000429153
"3366",0.514400005340576
"3367",0.358700007200241
"3368",0.105800002813339
"3369",-0.283899992704391
"3370",-0.214599996805191
"3371",0.110699996352196
"3372",0.351700007915497
"3373",0.0989999994635582
"3374",-1.26020002365112
"3375",0.0750999972224236
"3376",0.1841000020504
"3377",-0.011400000192225
"3378",1.6331000328064
"3379",0.672500014305115
"3380",-1.05980002880096
"3381",0.483300000429153
"3382",0.189600005745888
"3383",1.01740002632141
"3384",-0.227400004863739
"3385",-0.491899996995926
"3386",0.805299997329712
"3387",0.00439999997615814
"3388",-0.30009999871254
"3389",-0.538500010967255
"3390",-0.527999997138977
"3391",-0.667900025844574
"3392",0.240299999713898
"3393",-0.0898000001907349
"3394",0.421200007200241
"3395",0.100599996745586
"3396",-0.322200000286102
"3397",0.259600013494492
"3398",0.24779999256134
"3399",-1.08940005302429
"3400",0.570900022983551
"3401",-0.0649999976158142
"3402",-0.616299986839294
"3403",0.771000027656555
"3404",0.219200000166893
"3405",0.944999992847443
"3406",-0.257099986076355
"3407",-0.0355000011622906
"3408",-0.335700005292892
"3409",-0.71069997549057
"3410",-0.994099974632263
"3411",0.316599994897842
"3412",1.30350005626678
"3413",-0.11370000243187
"3414",0.189500004053116
"3415",-0.198400005698204
"3416",0.44310000538826
"3417",-0.191300004720688
"3418",-0.77539998292923
"3419",0.0627999976277351
"3420",0.28659999370575
"3421",-0.0291000008583069
"3422",-0.598900020122528
"3423",0.580999970436096
"3424",0.444099992513657
"3425",-0.189500004053116
"3426",-0.234500005841255
"3427",0.679700016975403
"3428",-0.469700008630753
"3429",0.449699997901917
"3430",-0.195700004696846
"3431",-0.162599995732307
"3432",-0.0913999974727631
"3433",0.122699998319149
"3434",0.453599989414215
"3435",-0.282200008630753
"3436",0.224500000476837
"3437",-0.333499997854233
"3438",0.262499988079071
"3439",0.496399998664856
"3440",0.165700003504753
"3441",0.640100002288818
"3442",0.0855000019073486
"3443",-0.0592000000178814
"3444",-0.204099997878075
"3445",0.992399990558624
"3446",0.0782999992370605
"3447",0.19760000705719
"3448",-0.108499996364117
"3449",0.294900000095367
"3450",0.358700007200241
"3451",-0.0885000005364418
"3452",-0.400200009346008
"3453",0.00870000012218952
"3454",-0.613099992275238
"3455",-0.408699989318848
"3456",0.186000004410744
"3457",0.918200016021729
"3458",0.0736000016331673
"3459",-0.468600004911423
"3460",0.368999987840652
"3461",-0.471199989318848
"3462",-0.130700007081032
"3463",-0.827199995517731
"3464",-0.462599992752075
"3465",0.714999973773956
"3466",0.337000012397766
"3467",-0.0240000002086163
"3468",0.907100021839142
"3469",-0.0584999993443489
"3470",-0.308099985122681
"3471",-0.2567999958992
"3472",0.512899994850159
"3473",0.0108000002801418
"3474",-0.0304000005125999
"3475",-0.0997999981045723
"3476",-0.339199990034103
"3477",0.245800003409386
"3478",0.123800002038479
"3479",0.0520999990403652
"3480",0.0802000015974045
"3481",1.15050005912781
"3482",0.570299983024597
"3483",-0.223900005221367
"3484",-0.479299992322922
"3485",-0.0299999993294477
"3486",-0.152500003576279
"3487",-0.450100004673004
"3488",0.200499996542931
"3489",0.0215000007301569
"3490",0.0666999965906143
"3491",0.669300019741058
"3492",0.0214000009000301
"3493",0.271100014448166
"3494",-0.140799999237061
"3495",-1.16380000114441
"3496",-1.20150005817413
"3497",0.453599989414215
"3498",0.139200001955032
"3499",0.0261000003665686
"3500",0.733699977397919
"3501",-0.233199998736382
"3502",0.592700004577637
"3503",-0.352999985218048
"3504",0.642700016498566
"3505",-0.414400011301041
"3506",-0.256300002336502
"3507",-0.220300003886223
"3508",-0.752900004386902
"3509",0.412999987602234
"3510",0.288100004196167
"3511",0.151299998164177
"3512",-0.250800013542175
"3513",-0.0238000005483627
"3514",0.0217000003904104
"3515",0.263799995183945
"3516",0.383599996566772
"3517",0.330700010061264
"3518",0.0706999972462654
"3519",-0.100699998438358
"3520",-0.453500002622604
"3521",-0.0538999997079372
"3522",0.380800008773804
"3523",-0.568499982357025
"3524",-0.263799995183945
"3525",0.324299991130829
"3526",0.653999984264374
"3527",-0.11370000243187
"3528",-0.118100002408028
"3529",0.433200001716614
"3530",0.0127999996766448
"3531",0.673799991607666
"3532",0.0850000008940697
"3533",-0.0764999985694885
"3534",-0.413100004196167
"3535",-0.468400001525879
"3536",-0.216800004243851
"3537",0.306800007820129
"3538",0.145500004291534
"3539",-0.0920000001788139
"3540",0.593400001525879
"3541",1.13629996776581
"3542",-0.240199998021126
"3543",0.00839999970048666
"3544",-0.359200000762939
"3545",0.515100002288818
"3546",-0.350199997425079
"3547",0.211099997162819
"3548",0.010499999858439
"3549",0.143299996852875
"3550",-0.0548000000417233
"3551",-0.580999970436096
"3552",-0.222699999809265
"3553",0.483000010251999
"3554",0.81029999256134
"3555",0.345299988985062
"3556",0.606100022792816
"3557",-0.414099991321564
"3558",0.495000004768372
"3559",-0.26800000667572
"3560",-2.29360008239746
"3561",0.414200007915497
"3562",-0.150600001215935
"3563",0.364499986171722
"3564",-0.815599977970123
"3565",0.266200006008148
"3566",0.0105999996885657
"3567",0.485799998044968
"3568",0.0571000017225742
"3569",-0.519500017166138
"3570",-0.564999997615814
"3571",0.802900016307831
"3572",-0.163499996066093
"3573",-1.37549996376038
"3574",0.389099985361099
"3575",0.229300007224083
"3576",-0.579699993133545
"3577",0.0795999988913536
"3578",-0.388000011444092
"3579",0.372900009155273
"3580",0.465799987316132
"3581",-0.220799997448921
"3582",0.252999991178513
"3583",-0.678900003433228
"3584",0.546000003814697
"3585",0.203500002622604
"3586",-0.0812999978661537
"3587",0.514699995517731
"3588",0.31479999423027
"3589",0.034000001847744
"3590",-0.536400020122528
"3591",0.0555000007152557
"3592",-0.0555000007152557
"3593",-0.898299992084503
"3594",-0.815199971199036
"3595",-0.126000002026558
"3596",-1.64830005168915
"3597",-1.54340004920959
"3598",0.0494000017642975
"3599",-1.5485999584198
"3600",2.11229991912842
"3601",-0.0535999983549118
"3602",0.629599988460541
"3603",-0.841899991035461
"3604",0.61760002374649
"3605",-0.512600004673004
"3606",-0.285100013017654
"3607",0.0187999997287989
"3608",-0.0447999984025955
"3609",-0.837199985980988
"3610",0.0181000009179115
"3611",-0.131099998950958
"3612",1.52020001411438
"3613",-0.245399996638298
"3614",1.12849998474121
"3615",-0.185100004076958
"3616",-0.615599989891052
"3617",0.402200013399124
"3618",0.466899991035461
"3619",0.00219999998807907
"3620",-0.289600014686584
"3621",-0.0753000006079674
"3622",-0.791800022125244
"3623",-1.23580002784729
"3624",0.830799996852875
"3625",-1.01859998703003
"3626",0.510599970817566
"3627",0.0878000035881996
"3628",0.0788000002503395
"3629",1.09189999103546
"3630",0.956799983978271
"3631",0.613099992275238
"3632",-0.342299997806549
"3633",-0.378800004720688
"3634",0.354600012302399
"3635",0.335799992084503
"3636",0.157700002193451
"3637",0.0590999983251095
"3638",-0.181700006127357
"3639",0.24719999730587
"3640",0.00439999997615814
"3641",0.54040002822876
"3642",-0.272000014781952
"3643",-0.146099999547005
"3644",-0.251300007104874
"3645",0.174899995326996
"3646",0.17679999768734
"3647",0.093699999153614
"3648",0.709699988365173
"3649",-0.381399989128113
"3650",0.286199986934662
"3651",-0.756200015544891
"3652",-0.649900019168854
"3653",-0.913100004196167
"3654",0.386999994516373
"3655",-0.766600012779236
"3656",-1.53069996833801
"3657",1.01339995861053
"3658",-0.277599990367889
"3659",0.34909999370575
"3660",-0.753499984741211
"3661",0.433499991893768
"3662",0.0381000004708767
"3663",-0.0538000017404556
"3664",0.503099977970123
"3665",0.260600000619888
"3666",-0.331999987363815
"3667",-0.0245999991893768
"3668",0.17399999499321
"3669",1.03750002384186
"3670",0.165299996733665
"3671",0.23309999704361
"3672",-0.299199998378754
"3673",-0.499199986457825
"3674",0.223399996757507
"3675",0.110399998724461
"3676",0.251300007104874
"3677",-0.218199998140335
"3678",-0.152300000190735
"3679",0.36829999089241
"3680",0.881099998950958
"3681",0.598299980163574
"3682",-0.0976999998092651
"3683",0.19310000538826
"3684",-0.6632000207901
"3685",-0.286199986934662
"3686",0.174899995326996
"3687",0.00870000012218952
"3688",0.516200006008148
"3689",-0.308999985456467
"3690",0.664600014686584
"3691",-0.153799995779991
"3692",0.816200017929077
"3693",0.034400001168251
"3694",-0.430900007486343
"3695",0.110100001096725
"3696",-0.293700009584427
"3697",0.472600013017654
"3698",0.968400001525879
"3699",-0.202800005674362
"3700",1.21459996700287
"3701",0.166600003838539
"3702",0.31139999628067
"3703",-0.121899999678135
"3704",-0.489100009202957
"3705",-0.461800009012222
"3706",0.184499993920326
"3707",-0.1908999979496
"3708",0.461800009012222
"3709",-1.05379998683929
"3710",-0.421700000762939
"3711",0.278499990701675
"3712",0.275499999523163
"3713",1.27380001544952
"3714",-0.76529997587204
"3715",-0.0722000002861023
"3716",-1.60350000858307
"3717",-0.410899996757507
"3718",-0.0412000007927418
"3719",-0.347499996423721
"3720",0.249899998307228
"3721",0.266600012779236
"3722",0.601999998092651
"3723",-0.560899972915649
"3724",0.0973000004887581
"3725",-0.20550000667572
"3726",-1.56060004234314
"3727",-0.235699996352196
"3728",-0.256099998950958
"3729",0.603900015354156
"3730",0.861999988555908
"3731",1.45980000495911
"3732",-0.0687000006437302
"3733",0.492900013923645
"3734",0.283899992704391
"3735",-0.0297999996691942
"3736",-0.277599990367889
"3737",0.558700025081635
"3738",-0.73199999332428
"3739",-0.420700013637543
"3740",-0.87720000743866
"3741",0.151800006628036
